ADD,. /app,16
ADD,preseed.txt /,2
ADD,manifests/*.yaml /manifests/,21
ADD,metadata/annotations.yaml /metadata/annotations.yaml,21
ADD,entrypoint.sh /entrypoint.sh,46
ADD,assets /,9
ADD,nginx.conf.sigil .,1
ADD,./grafana/datasources/* /src/datasources,3
ADD,./grafana/export-datasources-and-dashboards.sh /src/,1
ADD,./grafana/set-local-graphite-source.sh /src/,2
ADD,./grafana/dashboard-loader/dashboard-loader.js /src/dashboard-loader/,2
ADD,./elasticsearch/run /usr/local/bin/run_elasticsearch,2
ADD,./grafana/custom.ini /opt/grafana/conf/custom.ini,1
ADD,./grafana/config.js /src/grafana/config.js,2
ADD,./grafana/correctly-show-urlencoded-metrics.patch /src/grafana/correctly-show-urlencoded-metrics.patch,2
ADD,./graphite/initial_data.json /opt/graphite/webapp/graphite/initial_data.json,1
ADD,./graphite/local_settings.py /opt/graphite/webapp/graphite/local_settings.py,1
ADD,./graphite/carbon.conf /opt/graphite/conf/carbon.conf,1
ADD,./graphite/storage-schemas.conf /opt/graphite/conf/storage-schemas.conf,1
ADD,./graphite/storage-aggregation.conf /opt/graphite/conf/storage-aggregation.conf,1
ADD,./graphite/initial_data.json /var/lib/graphite/webapp/graphite/initial_data.json,2
ADD,./graphite/local_settings.py /var/lib/graphite/webapp/graphite/local_settings.py,2
ADD,./graphite/carbon.conf /var/lib/graphite/conf/carbon.conf,2
ADD,./graphite/storage-schemas.conf /var/lib/graphite/conf/storage-schemas.conf,2
ADD,./graphite/storage-aggregation.conf /var/lib/graphite/conf/storage-aggregation.conf,2
ADD,./grafana/dashboards/* /src/dashboards/,1
ADD,./grafana/config.js /src/grafana/dist/config.js,2
ADD,./grafana/default-dashboard.json /src/grafana/dist/app/dashboards/default.json,2
ADD,./statsd/config.js /src/statsd/config.js,1
ADD,./nginx/nginx.conf /etc/nginx/nginx.conf,1
ADD,./supervisord.conf /etc/supervisor/conf.d/supervisord.conf,1
ADD,conf/frappe-docker-conf/common_site_config_docker.json ./sites/common_site_config.json,1
ADD,conf/frappe-docker-conf/supervisor.conf /etc/supervisor/conf.d/supervisor.conf,1
ADD,conf/frappe-docker-conf/nginx.temp /etc/nginx/conf.d/nginx.temp,1
ADD,conf/frappe-docker-conf/start.sh /home/frappe/start.sh,1
ADD,conf/frappe-docker-conf/init.sh /home/frappe/init.sh,1
ADD,https://github.com/C3BI-pasteur-fr/IFB-playbook/archive/coregenebuilder.zip .,3
ADD,tests.bats /share/tests/,3
ADD,startx.sh /tmp/,3
ADD,installFromBiocViews.R /tmp/,3
ADD,http://master.bioconductor.org/todays-date /tmp/,3
ADD,makefile /home/biodocker/bin/telescoper/,3
ADD,services/ /etc/service/,30
ADD,init/ /etc/my_init.d/,30
ADD,cron/ /etc/cron.d/,13
ADD,defaults/ /defaults/,13
ADD,https://raw.githubusercontent.com/nats-io/nats-docker/b2c678c7bcc6bc8d68fb33cb1f169f4b66db308d/gnatsd.conf .,1
ADD,./install.sh /tmp,1
ADD,config/redis.config /etc/redis/redis.config,8
ADD,start /start,10
ADD,ldapUserSync/* /ldapUserSync/,6
ADD,https://github.com/Yelp/dumb-init/releases/download/v1.2.0/dumb-init_1.2.0_amd64 /usr/local/bin/dumb-init,4
ADD,sasl_passwd /etc/postfix,2
ADD,main.cf /etc/postfix,2
ADD,postfix-supervisord.conf /etc/supervisor/conf.d/postfix.conf,2
ADD,syslog-ng-supervisor.conf /etc/supervisor/conf.d/syslog-ng.conf,2
ADD,syslog-ng.conf /etc/syslog-ng/syslog-ng.conf,2
ADD,supervisord.conf /etc/supervisor,2
ADD,run.sh /,20
ADD,https://www.python.org/ftp/python/${VERSION}/Python-${VERSION}.tgz .,1
ADD,https://tr.wordpress.org/latest-tr_TR.tar.gz .,1
ADD,. /root/.wine/drive_c/IDA,1
ADD,. /root/.wine64/drive_c/IDA,4
ADD,https://wordlists-cdn.assetnote.io/data/kiterunner/routes-large.kite.tar.gz /work/routes-large.kite.tar.gz,1
ADD,entrypoint.sh /usr/local/bin,1
ADD,argon.php /usr/src/app/argon.php,2
ADD,iconv.php /usr/src/app/iconv.php,1
ADD,file/nginx.conf /etc/nginx,2
ADD,file/server.crt /,2
ADD,file/server.key /,2
ADD,install /,10
ADD,install/nginx /etc/nginx,1
ADD,install/s6 /etc/s6,2
ADD,assets /assets,1
ADD,container-files/etc/yum.repos.d/* /etc/yum.repos.d/,1
ADD,container-files/config/install* /config/,3
ADD,container-files /,1
ADD,etc/ /etc/,4
ADD,supervisord.conf /etc/supervisord.d/php-fpm.conf,1
ADD,. /sample,3
ADD,. /code,7
ADD,scripts/sync-gw-start /usr/local/bin/,8
ADD,ganglia/* /databricks/spark/scripts/ganglia/,2
ADD,ganglia-monitor-not-active /etc/monit/conf.d,1
ADD,gmetad-not-active /etc/monit/conf.d,1
ADD,spark-slave-not-active /etc/monit/conf.d,1
ADD,ganglia.conf /etc/apache2/sites-enabled,3
ADD,gconf/* /etc/ganglia/,3
ADD,start_spark_slave.sh /databricks/spark/scripts/start_spark_slave.sh,1
ADD,monit /etc/init.d,3
ADD,https://github.com/mlocati/docker-php-extension-installer/releases/latest/download/install-php-extensions /usr/local/bin/,5
ADD,server.js server.js,3
ADD,sponsorblockcast.sh /usr/bin/sponsorblockcast,2
ADD,cloudreve ./,2
ADD,target/*.jar /app/application.jar,1
ADD,swagger-single-0.1.0.jar app.jar,1
ADD,android-env-vars.sh /etc/android-env-vars.sh,4
ADD,startup.sh /home/build/startup.sh,1
ADD,startup.sh /home/cmbuild/startup.sh,2
ADD,startup.sh /root/startup.sh,2
ADD,https://sks-keyservers.net/sks-keyservers.netCA.pem \\,1
ADD,sks-keyservers.netCA.pem /usr/local/share/ca-certificates/,1
ADD,${PS_PACKAGE_URL} /tmp/linux.tar.gz,20
ADD,${PS_PACKAGE_URL} /tmp/powershell.rpm,3
ADD,- copies files and directories to the container. Can unpack local .tar files,2
ADD,files/geth.supervisor.conf /etc/supervisord.conf,1
ADD,files/app.json /root/eth-net-intelligence-api/app.json,4
ADD,files/startscript.sh /root/startscript.sh,5
ADD,files/runner.sh /root/runner.sh,1
ADD,files/cron.txt /root/cron.txt,1
ADD,files/autoRestarter.sh /root/autoRestarter.sh,3
ADD,./startup.sh /opt/startup.sh,18
ADD,https://github.com/tianon/gosu/releases/download/$CLICKHOUSE_GOSU_VERSION/gosu-amd64 /bin/gosu,9
ADD,./pipeline/ /usr/share/logstash/pipeline/,3
ADD,./config/ /usr/share/logstash/config/,3
ADD,ubuntu.sources.list /etc/apt/ubuntu.sources.list,4
ADD,debian.sources.list /etc/apt/debian.sources.list,2
ADD,aerospike.conf /etc/aerospike/aerospike.conf,8
ADD,server.ini /etc/hhvm/server.ini,4
ADD,my.cnf /etc/mysql/conf.d/my.cnf,24
ADD,nginx.conf /etc/nginx/,12
ADD,default.vcl /etc/varnish/default.vcl,18
ADD,start.sh /etc/varnish/start.sh,18
ADD,startup /etc/mysql/startup,13
ADD,vhost.conf /etc/apache2/sites-enabled/vhost.conf,14
ADD,apache-config.conf /etc/apache2/sites-enabled/000-default.conf,8
ADD,insecure_id_rsa /tmp/id_rsa,8
ADD,insecure_id_rsa.pub /tmp/id_rsa.pub,8
ADD,laravel.conf /etc/nginx/conf.d/laravel.conf,10
ADD,for REMOTE debugging,8
ADD,./composer.json /home/laradock/.composer/composer.json,4
ADD,./composer.json /root/.composer/composer.json,4
ADD,laravel.conf /etc/nginx/sites-available/,4
ADD,start.sh /opt/start.sh,2
ADD,settings.xml /opt/settings.xml,2
ADD,public_html /opt/public_html,2
ADD,.env.sample /usr/share/nginx/.env,1
ADD,./config /usr/share/nginx/config,1
ADD,./config/.env.sample /usr/share/nginx/.env,2
ADD,./config/.env.sample /usr/share/nginx/craft/.env,2
ADD,./config /usr/share/nginx/craft/config,1
ADD,torrc /etc/tor/,1
ADD,afp.conf /etc/afp.conf,1
ADD,start_netatalk.sh /start_netatalk.sh,1
ADD,supervisord.conf /etc/supervisor/conf.d/supervisord.conf,3
ADD,bin/add-account /usr/bin/add-account,1
ADD,start_services.sh /start_services.sh,2
ADD,config/nsswitch.conf /etc/nsswitch.conf,2
ADD,config/afp.conf /usr/local/etc/afp.conf,2
ADD,afp.conf /usr/local/etc/afp.conf,2
ADD,entrypoint.sh /entrypoint,1
ADD,qemu-aarch64-static /usr/bin,7
ADD,bundle/manifests/*.yaml /manifests/,2
ADD,bundle/metadata/annotations.yaml /metadata/annotations.yaml,2
ADD,https://raw.githubusercontent.com/jangernert/FeedReader/master/data/tt-rss-feedreader-plugin/api_feedreader/init.php api_feedreader/,1
ADD,https://raw.githubusercontent.com/jangernert/FeedReader/master/data/tt-rss-feedreader-plugin/api_feedreader/init.php /var/www/plugins/api_feedreader/,4
ADD,src/wait-for.sh /wait-for.sh,2
ADD,src/ttrss.nginx.conf /etc/nginx/nginx.conf,2
ADD,https://github.com/HenryQW/tinytinyrss-fever-plugin/archive/master.tar.gz /var/www/plugins/fever/,2
ADD,https://github.com/HenryQW/mercury_fulltext/archive/master.tar.gz /var/www/plugins/mercury_fulltext/,2
ADD,https://github.com/feediron/ttrss_plugin-feediron/archive/master.tar.gz /var/www/plugins/feediron/,4
ADD,https://github.com/HenryQW/ttrss_opencc/archive/master.tar.gz /var/www/plugins/opencc/,4
ADD,https://github.com/voidstern/tt-rss-newsplus-plugin/archive/master.tar.gz /var/www/plugins/api_newsplus/,4
ADD,https://github.com/sergey-dryabzhinsky/options_per_feed/archive/master.tar.gz /var/www/plugins/options_per_feed/,4
ADD,https://github.com/DIYgod/ttrss-plugin-remove-iframe-sandbox/archive/master.tar.gz /var/www/plugins/remove_iframe_sandbox/,2
ADD,https://github.com/levito/tt-rss-feedly-theme/archive/master.tar.gz /var/www/themes.local/feedly.tar.gz,2
ADD,https://github.com/DIYgod/ttrss-theme-rsshub/archive/master.tar.gz /var/www/themes.local/rsshub.tar.gz,2
ADD,src/configure-db.php /configure-db.php,2
ADD,src/s6/ /etc/s6/,2
ADD,https://github.com/levito/tt-rss-feedly-theme/archive/master.tar.gz /var/www/themes/feedly/,2
ADD,https://github.com/DIYgod/ttrss-theme-rsshub/archive/master.tar.gz /var/www/themes/rsshub/,2
ADD,wait-for /wait-for,2
ADD,ttrss.nginx.conf /etc/nginx/nginx.conf,2
ADD,configure-db.php /configure-db.php,2
ADD,s6/ /etc/s6/,2
ADD,https://github.com/HenryQW/tinytinyrss-fever-plugin/archive/master.tar.gz /var/www/plugins/,2
ADD,https://github.com/dugite-code/tt-rss-nextcloud-theme/archive/master.tar.gz /var/www/themes/,4
ADD,https://github.com/levito/tt-rss-feedly-theme/archive/master.tar.gz /var/www/themes/,6
ADD,https://github.com/WangQiru/tinytinyrss-fever-plugin/archive/master.tar.gz /var/www/plugins/,4
ADD,https://github.com/WangQiru/mercury_fulltext/archive/master.tar.gz /var/www/plugins/mercury_fulltext/,4
ADD,https://github.com/WangQiru/tinytinyrss-fever-plugin/archive/dev.tar.gz /var/www/plugins/,2
ADD,https://github.com/WangQiru/mercury_fulltext/archive/dev.tar.gz /var/www/plugins/mercury_fulltext/,2
ADD,https://github.com/dasmurphy/tinytinyrss-fever-plugin/archive/master.tar.gz /var/www/plugins/,3
ADD,getbutler.sh /opt/butler/getbutler.sh,1
ADD,https://github.com/andrey-pohilko/registry-cli/raw/master/registry.py .,1
ADD,https://github.com/andrey-pohilko/registry-cli/raw/master/requirements-ci.txt .,1
ADD,sockd.conf /etc/sockd.conf,2
ADD,drone-scp /bin,1
ADD,drone-ssh /bin,1
ADD,http://okfnlabs.org/reconcile-csv/dist/reconcile-csv-0.1.2.jar /app/,1
ADD,ffserver.conf /etc/,2
ADD,https://github.com/tianon/gosu/releases/download/1.4/gosu-amd64 /usr/sbin/gosu,2
ADD,./scrapyd.conf /etc/scrapyd/,4
ADD,etcd /,1
ADD,ca-certificates.crt /etc/ssl/certs/,2
ADD,etcd /usr/local/bin/,2
ADD,https://github.com/tianon/gosu/releases/download/1.4/gosu-amd64 /usr/local/bin/gosu,2
ADD,danted.conf /etc/danted.conf,2
ADD,./fonts/Songti.ttc /usr/local/share/fonts/,1
ADD,./packages.txt /etc/scrapyd/,2
ADD,./requirements.txt /etc/scrapyd/,2
ADD,./services.conf /etc/supervisor/conf.d/,4
ADD,./pdnsd.conf /etc/,4
ADD,https://download.libsodium.org/libsodium/releases/libsodium-1.0.2.tar.gz /tmp/pkgs/,2
ADD,http://download.dnscrypt.org/dnscrypt-proxy/dnscrypt-proxy-1.4.3.tar.gz /tmp/pkgs/,2
ADD,./requirements.txt /tmp/,4
ADD,./001-scrapyd /etc/scrapyd/conf.d/,2
ADD,./scrapyd.conf /etc/supervisor/conf.d/,2
ADD,./supervisord.conf /etc/supervisor/supervisord.conf,2
ADD,https://bootstrap.pypa.io/get-pip.py /tmp/,2
ADD,./dnsmasq.conf /etc/,2
ADD,https://github.com/clowwindy/ChinaDNS/releases/download/1.3.0/chinadns-1.3.0.tar.gz /tmp/pkgs/,2
ADD,http://ftp.apnic.net/apnic/stats/apnic/delegated-apnic-latest /tmp/pkgs/,2
ADD,dokuwiki.conf /etc/nginx/sites-enabled/,2
ADD,./haproxy.cfg /etc/haproxy/,5
ADD,./polipo.conf /etc/polipo/config,3
ADD,./shadowsocks.json /etc/,1
ADD,./shadowsocks /etc/shadowsocks,2
ADD,http://stedolan.github.io/jq/download/linux64/jq /usr/local/bin/,1
ADD,https://bootstrap.pypa.io/get-pip.py /tmp/pkgs/,3
ADD,./services.ini /etc/supervisor/conf.d/,1
ADD,./supervisord.conf /etc/supervisor/,1
ADD,./etc/haproxy.cfg /etc/haproxy/,3
ADD,./etc/nginx.cfg /etc/nginx/sites-enabled/default,3
ADD,./fonts/ /usr/local/share/fonts/,1
ADD,./etc/monitrc /etc/,1
ADD,./etc/monit/conf.d/ /etc/monit/conf.d/,2
ADD,./etc/supervisor/supervisord.conf /etc/supervisor/,1
ADD,./etc/supervisor/conf.d/ /etc/supervisor/conf.d/,1
ADD,./supervisor/supervisord.conf /etc/supervisor/,2
ADD,./supervisor/conf.d/ /etc/supervisor/conf.d/,2
ADD,./monit/conf.d/ /etc/monit/conf.d/,2
ADD,./nginx.cfg /etc/nginx/sites-enabled/default,2
ADD,./monit/monitrc /etc/monit/,2
ADD,./*.js /webkit/,1
ADD,./includes/ /webkit/includes/,1
ADD,./bin/ /usr/local/bin/,1
ADD,./*.js ./includes /usr/local/lib/webkit/,2
ADD,./bin/* /usr/local/bin/,2
ADD,./supervisor/conf.d/* /etc/supervisor/conf.d/,2
ADD,./monit/ /etc/monit/,2
ADD,./monit/* /etc/monit/,2
ADD,./*.js ./includes/ /usr/local/lib/webkit/,2
ADD,./phantomjs /usr/local/bin/,2
ADD,./webkit.sh /usr/local/bin/,2
ADD,./restart.sh /usr/local/bin/,2
ADD,./supervisor/conf.d/haproxy.conf /etc/supervisor/conf.d/,2
ADD,./supervisor/conf.d/webkit.conf /etc/supervisor/conf.d/,2
ADD,./supervisor/conf.d/restart.conf /etc/supervisor/conf.d/,2
ADD,./osx_SDK ${MACOSX_PATH}/osxcross/tarballs,2
ADD,./crossbuild /crossbuild,2
ADD,./entrypoint /entrypoint,2
ADD,./SDK ${MACOSX_PATH}/osxcross/tarballs,2
ADD,. .,5
ADD,https://raw.githubusercontent.com/ZoneMinder/zmdockerfiles/master/utils/entrypoint.sh /usr/local/bin/,17
ADD,https://raw.githubusercontent.com/douglasjreynolds/zmdockerfiles/master/utils/entrypoint.sh /usr/local/bin/,2
ADD,https://github.com/multiarch/qemu-user-static/releases/latest/download/qemu-aarch64-static /usr/bin/qemu-aarch64-static,1
ADD,https://raw.githubusercontent.com/ZoneMinder/zmdockerfiles/master/utils/docker/entrypoint.sh /usr/local/bin/,4
ADD,https://raw.githubusercontent.com/ZoneMinder/zoneminder/master/utils/docker/entrypoint.sh /usr/local/bin/,2
ADD,./autoexec.cfg $SERVER/csgo/csgo/cfg/autoexec.cfg,1
ADD,./server.cfg $SERVER/csgo/csgo/cfg/server.cfg,1
ADD,./autoexec.cfg $SERVER/cfg/autoexec.cfg,2
ADD,./server.cfg $SERVER/cfg/server.cfg,2
ADD,./csgo_ds.txt $SERVER/csgo_ds.txt,1
ADD,./tf2_ds.txt $SERVER/tf2_ds.txt,3
ADD,./csgo.sh $SERVER/csgo.sh,1
ADD,./tf.sh $SERVER/tf.sh,3
ADD,./update.sh $SERVER/update.sh,2
ADD,https://get.aquasec.com/microscanner /,2
ADD,scripts/* /usr/local/bin/,7
ADD,configs/php.ini /usr/local/etc/php/,4
ADD,configs/www.conf /usr/local/etc/php-fpm.d/,4
ADD,. /understand_linux_process,1
ADD,https://build2.syncthing.net/guestAuth/app/rest/builds/id:17960/artifacts/content/stdiscosrv-linux-amd64-v0.14.45+22-g1471c15.tar.gz /stdiscosrv.tar.gz,2
ADD,https://build2.syncthing.net/guestAuth/app/rest/builds/id:16907/artifacts/content/stdiscosrv-linux-amd64-v0.14.44-rc.2+29-g8a3e584.tar.gz /stdiscosrv.tar.gz,2
ADD,https://build2.syncthing.net/guestAuth/app/rest/builds/id:14593/artifacts/content/stdiscosrv-linux-amd64-v0.14.42+20-g9988044.tar.gz /stdiscosrv.tar.gz,2
ADD,https://build2.syncthing.net/guestAuth/app/rest/builds/id:12364/artifacts/content/stdiscosrv-linux-amd64-v0.14.40-rc.4+21-g0ee1146.tar.gz /stdiscosrv.tar.gz,2
ADD,https://build2.syncthing.net/guestAuth/app/rest/builds/id:11170/artifacts/content/stdiscosrv-linux-amd64-v0.14.39+2-g6ffb95f.tar.gz /stdiscosrv.tar.gz,4
ADD,https://build2.syncthing.net/guestAuth/app/rest/builds/id:10629/artifacts/content/stdiscosrv-linux-amd64-v0.14.38+8-g3ee1246.tar.gz /stdiscosrv.tar.gz,4
ADD,https://build.syncthing.net/job/stdiscosrv/2519/artifact/stdiscosrv-linux-amd64-v0.14.37-rc.2+2-ga69ba18.tar.gz /stdiscosrv.tar.gz,2
ADD,https://build.syncthing.net/job/stdiscosrv/2473/artifact/stdiscosrv-linux-amd64-v0.14.33-rc.1+7-g0ca2ed7.tar.gz /,2
ADD,https://build.syncthing.net/job/stdiscosrv/2473/artifact/stdiscosrv-linux-amd64-v0.14.33-rc.1+7-g0ca2ed7.tar.gz /stdiscosrv.tar.gz,2
ADD,https://build.syncthing.net/job/stdiscosrv/2390/artifact/stdiscosrv-linux-amd64-v0.14.30-rc.1+9-gd637148.tar.gz /stdiscosrv.tar.gz,2
ADD,https://build.syncthing.net/job/stdiscosrv/2213/artifact/stdiscosrv-linux-amd64-v0.14.25-rc.2+1-gef35a7a.tar.gz /stdiscosrv.tar.gz,2
ADD,https://build.syncthing.net/job/stdiscosrv/2142/artifact/stdiscosrv-linux-amd64-v0.14.22+2-g73f9c7d.tar.gz /stdiscosrv.tar.gz,2
ADD,https://build.syncthing.net/job/stdiscosrv/2074/artifact/stdiscosrv-linux-amd64-v0.14.19+3-gf36f00e.tar.gz /stdiscosrv.tar.gz,2
ADD,https://build.syncthing.net/job/stdiscosrv/1856/artifact/stdiscosrv-linux-amd64-v0.14.8+5-g215503b.tar.gz /stdiscosrv.tar.gz,2
ADD,https://build.syncthing.net/job/stdiscosrv/1822/artifact/stdiscosrv-linux-amd64-v0.14.6+1-g3e51206.tar.gz /stdiscosrv.tar.gz,2
ADD,https://build.syncthing.net/job/stdiscosrv/1811/artifact/stdiscosrv-linux-amd64-v0.14.5.tar.gz /stdiscosrv.tar.gz,2
ADD,https://build.syncthing.net/job/stdiscosrv/1808/artifact/stdiscosrv-linux-amd64-v0.14.4+12-gd0a1c80.tar.gz /stdiscosrv.tar.gz,2
ADD,https://build.syncthing.net/job/stdiscosrv/1768/artifact/stdiscosrv-linux-amd64-v0.14.3.tar.gz /stdiscosrv.tar.gz,2
ADD,https://build.syncthing.net/job/stdiscosrv/lastStableBuild/artifact/stdiscosrv-linux-amd64-v0.14.2+1-g66a506e.tar.gz /stdiscosrv.tar.gz,2
ADD,https://build.syncthing.net/job/stdiscosrv/lastStableBuild/artifact/stdiscosrv-linux-amd64-v0.14.0+1-g8ab6b60.tar.gz /stdiscosrv.tar.gz,2
ADD,https://github.com/syncthing/discosrv/releases/download/v0.13.10/discosrv-linux-amd64-v0.13.10.tar.gz /discosrv.tar.gz,2
ADD,https://build.syncthing.net/job/discosrv/lastSuccessfulBuild/artifact/discosrv-linux-amd64-v0.13.10.tar.gz /discosrv.tar.gz,2
ADD,https://build.syncthing.net/job/discosrv/lastSuccessfulBuild/artifact/discosrv-linux-amd64-v0.13.9.tar.gz /discosrv.tar.gz,2
ADD,https://build.syncthing.net/job/discosrv/lastSuccessfulBuild/artifact/discosrv-linux-amd64-v0.13.7.tar.gz /discosrv.tar.gz,2
ADD,https://build.syncthing.net/job/discosrv/lastSuccessfulBuild/artifact/discosrv-linux-amd64-v0.13.6.tar.gz /discosrv.tar.gz,2
ADD,https://build.syncthing.net/job/discosrv/lastSuccessfulBuild/artifact/discosrv-linux-amd64-v0.13.5.tar.gz /discosrv.tar.gz,2
ADD,http://build.syncthing.net/job/discosrv/lastSuccessfulBuild/artifact/discosrv-linux-amd64.tar.gz /discosrv.tar.gz,3
ADD,https://github.com/jpetazzo/pipework/archive/master.zip /pipework.zip,2
ADD,cert.pem /discosrv/,2
ADD,key.pem /discosrv/,2
ADD,https://github.com/syncthing/syncthing/releases/download/v0.12.23/syncthing-linux-amd64-v0.12.23.tar.gz /syncthing.tar.gz,2
ADD,run.sh /run.sh,15
ADD,https://github.com/syncthing/syncthing/releases/download/v0.12.22/syncthing-linux-amd64-v0.12.22.tar.gz /syncthing.tar.gz,2
ADD,https://github.com/syncthing/syncthing/releases/download/v0.12.21/syncthing-linux-amd64-v0.12.21.tar.gz /syncthing.tar.gz,2
ADD,https://github.com/syncthing/syncthing/releases/download/v0.12.20/syncthing-linux-amd64-v0.12.20.tar.gz /syncthing.tar.gz,2
ADD,https://github.com/syncthing/syncthing/releases/download/v0.12.19/syncthing-linux-amd64-v0.12.19.tar.gz /syncthing.tar.gz,2
ADD,https://github.com/syncthing/discosrv/releases/download/v0.12.2/discosrv-linux-amd64.tar.gz /discosrv.tar.gz,2
ADD,https://github.com/syncthing/syncthing/releases/download/v0.12.18/syncthing-linux-amd64-v0.12.18.tar.gz /syncthing.tar.gz,2
ADD,https://github.com/syncthing/syncthing/releases/download/v0.12.17/syncthing-linux-amd64-v0.12.17.tar.gz /syncthing.tar.gz,2
ADD,https://github.com/syncthing/syncthing/releases/download/v0.12.16/syncthing-linux-amd64-v0.12.16.tar.gz /syncthing.tar.gz,2
ADD,https://github.com/syncthing/syncthing/releases/download/v0.12.15/syncthing-linux-amd64-v0.12.15.tar.gz /syncthing.tar.gz,2
ADD,https://github.com/syncthing/syncthing/releases/download/v0.12.14/syncthing-linux-amd64-v0.12.14.tar.gz /syncthing.tar.gz,2
ADD,https://github.com/syncthing/syncthing/releases/download/v0.12.13/syncthing-linux-amd64-v0.12.13.tar.gz /syncthing.tar.gz,2
ADD,https://github.com/syncthing/syncthing/releases/download/v0.12.12/syncthing-linux-amd64-v0.12.12.tar.gz /syncthing.tar.gz,2
ADD,https://github.com/syncthing/syncthing/releases/download/v0.12.11/syncthing-linux-amd64-v0.12.11.tar.gz /syncthing.tar.gz,2
ADD,https://github.com/syncthing/syncthing/releases/download/v0.12.10/syncthing-linux-amd64-v0.12.10.tar.gz /syncthing.tar.gz,2
ADD,https://github.com/syncthing/syncthing/releases/download/v0.12.9/syncthing-linux-amd64-v0.12.9.tar.gz /syncthing.tar.gz,2
ADD,https://github.com/syncthing/syncthing/releases/download/v0.12.8/syncthing-linux-amd64-v0.12.8.tar.gz /syncthing.tar.gz,2
ADD,https://github.com/syncthing/syncthing/releases/download/v0.12.7/syncthing-linux-amd64-v0.12.7.tar.gz /syncthing.tar.gz,2
ADD,https://github.com/syncthing/syncthing/releases/download/v0.12.6/syncthing-linux-amd64-v0.12.6.tar.gz /syncthing.tar.gz,2
ADD,https://github.com/syncthing/syncthing/releases/download/v0.12.5/syncthing-linux-amd64-v0.12.5.tar.gz /syncthing.tar.gz,2
ADD,https://github.com/syncthing/syncthing/releases/download/v0.12.4/syncthing-linux-amd64-v0.12.4.tar.gz /syncthing.tar.gz,2
ADD,https://github.com/syncthing/syncthing/releases/download/v0.12.3/syncthing-linux-amd64-v0.12.3.tar.gz /syncthing.tar.gz,2
ADD,https://github.com/syncthing/syncthing/releases/download/v0.12.2/syncthing-linux-amd64-v0.12.2.tar.gz /syncthing.tar.gz,2
ADD,https://github.com/syncthing/discosrv/releases/download/v0.12.1/discosrv-linux-amd64.tar.gz /discosrv.tar.gz,2
ADD,https://github.com/syncthing/syncthing/releases/download/v0.12.1/syncthing-linux-amd64-v0.12.1.tar.gz /syncthing.tar.gz,2
ADD,https://github.com/syncthing/syncthing/releases/download/v0.11.26/syncthing-linux-amd64-v0.11.26.tar.gz /syncthing.tar.gz,2
ADD,https://github.com/syncthing/syncthing/releases/download/v0.11.25/syncthing-linux-amd64-v0.11.25.tar.gz /syncthing.tar.gz,2
ADD,https://github.com/syncthing/discosrv/releases/download/v0.12.0/discosrv-linux-amd64.tar.gz /discosrv.tar.gz,2
ADD,https://github.com/syncthing/syncthing/releases/download/v0.11.24/syncthing-linux-amd64-v0.11.24.tar.gz /syncthing.tar.gz,2
ADD,https://github.com/syncthing/syncthing/releases/download/v0.11.23/syncthing-linux-amd64-v0.11.23.tar.gz /syncthing.tar.gz,2
ADD,https://github.com/syncthing/syncthing/releases/download/v0.11.22/syncthing-linux-amd64-v0.11.22.tar.gz /syncthing.tar.gz,2
ADD,https://github.com/syncthing/syncthing/releases/download/v0.11.21/syncthing-linux-amd64-v0.11.21.tar.gz /syncthing.tar.gz,2
ADD,https://github.com/syncthing/syncthing/releases/download/v0.11.20/syncthing-linux-amd64-v0.11.20.tar.gz /syncthing.tar.gz,2
ADD,https://github.com/syncthing/syncthing/releases/download/v0.11.19/syncthing-linux-amd64-v0.11.19.tar.gz /syncthing.tar.gz,2
ADD,https://github.com/syncthing/syncthing/releases/download/v0.11.18/syncthing-linux-amd64-v0.11.18.tar.gz /syncthing.tar.gz,2
ADD,https://github.com/syncthing/syncthing/releases/download/v0.11.17/syncthing-linux-amd64-v0.11.17.tar.gz /syncthing.tar.gz,2
ADD,https://github.com/syncthing/syncthing/releases/download/v0.11.16/syncthing-linux-amd64-v0.11.16.tar.gz /syncthing.tar.gz,2
ADD,https://github.com/syncthing/syncthing/releases/download/v0.11.15/syncthing-linux-amd64-v0.11.15.tar.gz /syncthing.tar.gz,2
ADD,https://github.com/syncthing/syncthing/releases/download/v0.11.13/syncthing-linux-amd64-v0.11.13.tar.gz /syncthing.tar.gz,2
ADD,https://github.com/syncthing/syncthing/releases/download/v0.11.12/syncthing-linux-amd64-v0.11.12.tar.gz /syncthing.tar.gz,2
ADD,https://github.com/syncthing/syncthing/releases/download/v0.11.11/syncthing-linux-amd64-v0.11.11.tar.gz /syncthing.tar.gz,2
ADD,https://github.com/syncthing/syncthing/releases/download/v0.11.10/syncthing-linux-amd64-v0.11.10.tar.gz /syncthing.tar.gz,2
ADD,https://github.com/syncthing/syncthing/releases/download/v0.11.9/syncthing-linux-amd64-v0.11.9.tar.gz /syncthing.tar.gz,2
ADD,https://github.com/syncthing/syncthing/releases/download/v0.11.8/syncthing-linux-amd64-v0.11.8.tar.gz /syncthing.tar.gz,2
ADD,https://github.com/syncthing/syncthing/releases/download/v0.11.7/syncthing-linux-amd64-v0.11.7.tar.gz /syncthing.tar.gz,2
ADD,https://github.com/syncthing/syncthing/releases/download/v0.11.6/syncthing-linux-amd64-v0.11.6.tar.gz /syncthing.tar.gz,2
ADD,https://github.com/syncthing/syncthing/releases/download/v0.11.5/syncthing-linux-amd64-v0.11.5.tar.gz /syncthing.tar.gz,2
ADD,https://github.com/syncthing/syncthing/releases/download/v0.11.3/syncthing-linux-amd64-v0.11.3.tar.gz /syncthing.tar.gz,2
ADD,run.sh /usr/local/bin/run.sh,2
ADD,syncthing /syncthing,2
ADD,private/openvpn /config_orig/openvpn,2
ADD,private/transmission /config_orig/transmission,2
ADD,private/pia_transmission_monitor /config_orig/pia_transmission_monitor,2
ADD,./start.sh /start.sh,5
ADD,./pia_transmission_monitor /pia_transmission_monitor,2
ADD,./config.ini /config.ini,2
ADD,https://github.com/syncthing/syncthing/releases/download/v0.11.2/syncthing-linux-amd64-v0.11.2.tar.gz /syncthing.tar.gz,2
ADD,https://github.com/syncthing/syncthing/releases/download/v0.11.1/syncthing-linux-amd64-v0.11.1.tar.gz /syncthing.tar.gz,2
ADD,https://github.com/syncthing/syncthing/releases/download/v0.10.31/syncthing-linux-amd64-v0.10.31.tar.gz /syncthing.tar.gz,2
ADD,https://github.com/syncthing/syncthing/releases/download/v0.11.0/syncthing-linux-amd64-v0.11.0.tar.gz /syncthing.tar.gz,2
ADD,https://github.com/syncthing/syncthing/releases/download/v0.10.30/syncthing-linux-amd64-v0.10.30.tar.gz /syncthing.tar.gz,2
ADD,https://github.com/syncthing/syncthing/releases/download/v0.10.29/syncthing-linux-amd64-v0.10.29.tar.gz /syncthing.tar.gz,2
ADD,https://github.com/syncthing/syncthing/releases/download/v0.10.27/syncthing-linux-amd64-v0.10.27.tar.gz /syncthing.tar.gz,2
ADD,https://github.com/syncthing/syncthing/releases/download/v0.10.26/syncthing-linux-amd64-v0.10.26.tar.gz /syncthing.tar.gz,2
ADD,https://github.com/syncthing/syncthing/releases/download/v0.10.25/syncthing-linux-amd64-v0.10.25.tar.gz /syncthing.tar.gz,2
ADD,https://github.com/syncthing/syncthing/releases/download/v0.10.24/syncthing-linux-amd64-v0.10.24.tar.gz /syncthing.tar.gz,2
ADD,https://github.com/syncthing/syncthing/releases/download/v0.10.23/syncthing-linux-amd64-v0.10.23.tar.gz /syncthing.tar.gz,2
ADD,https://github.com/syncthing/syncthing/releases/download/v0.10.22/syncthing-linux-amd64-v0.10.22.tar.gz /syncthing.tar.gz,2
ADD,https://github.com/syncthing/syncthing/releases/download/v0.10.21/syncthing-linux-amd64-v0.10.21.tar.gz /syncthing.tar.gz,2
ADD,https://github.com/calmh/syncthing/releases/download/v0.10.21/syncthing-linux-amd64-v0.10.21.tar.gz /syncthing.tar.gz,2
ADD,https://github.com/calmh/syncthing/releases/download/v0.10.20/syncthing-linux-amd64-v0.10.20.tar.gz /syncthing.tar.gz,2
ADD,https://github.com/calmh/syncthing/releases/download/v0.10.19/syncthing-linux-amd64-v0.10.19.tar.gz /syncthing.tar.gz,2
ADD,https://github.com/calmh/syncthing/releases/download/v0.10.18/syncthing-linux-amd64-v0.10.18.tar.gz /syncthing.tar.gz,2
ADD,https://github.com/calmh/syncthing/releases/download/v0.10.17/syncthing-linux-amd64-v0.10.17.tar.gz /syncthing.tar.gz,2
ADD,https://github.com/calmh/syncthing/releases/download/v0.10.15/syncthing-linux-amd64-v0.10.15.tar.gz /syncthing.tar.gz,2
ADD,https://github.com/calmh/syncthing/releases/download/v0.10.14/syncthing-linux-amd64-v0.10.14.tar.gz /syncthing.tar.gz,2
ADD,https://github.com/calmh/syncthing/releases/download/v0.10.13/syncthing-linux-amd64-v0.10.13.tar.gz /syncthing.tar.gz,2
ADD,https://github.com/calmh/syncthing/releases/download/v0.10.12/syncthing-linux-amd64-v0.10.12.tar.gz /syncthing.tar.gz,2
ADD,https://github.com/calmh/syncthing/releases/download/v0.10.11/syncthing-linux-amd64-v0.10.11.tar.gz /syncthing.tar.gz,2
ADD,https://github.com/calmh/syncthing/releases/download/v0.10.10/syncthing-linux-amd64-v0.10.10.tar.gz /syncthing.tar.gz,2
ADD,https://github.com/calmh/syncthing/releases/download/v0.10.9/syncthing-linux-amd64-v0.10.9.tar.gz /syncthing.tar.gz,2
ADD,https://github.com/calmh/syncthing/releases/download/v0.10.8/syncthing-linux-amd64-v0.10.8.tar.gz /syncthing.tar.gz,2
ADD,https://github.com/calmh/syncthing/releases/download/v0.10.6/syncthing-linux-amd64-v0.10.6.tar.gz /syncthing.tar.gz,2
ADD,https://github.com/calmh/syncthing/releases/download/v0.10.5/syncthing-linux-amd64-v0.10.5.tar.gz /syncthing.tar.gz,2
ADD,https://github.com/calmh/syncthing/releases/download/v0.10.4/syncthing-linux-amd64-v0.10.4.tar.gz /syncthing.tar.gz,2
ADD,https://github.com/calmh/syncthing/releases/download/v0.10.3/syncthing-linux-amd64-v0.10.3.tar.gz /syncthing.tar.gz,2
ADD,https://github.com/calmh/syncthing/releases/download/v0.10.2/syncthing-linux-amd64-v0.10.2.tar.gz /syncthing.tar.gz,2
ADD,https://github.com/calmh/syncthing/releases/download/v0.10.1/syncthing-linux-amd64-v0.10.1.tar.gz /syncthing.tar.gz,2
ADD,https://github.com/calmh/syncthing/releases/download/v0.10.0/syncthing-linux-amd64-v0.10.0.tar.gz /syncthing.tar.gz,2
ADD,https://github.com/calmh/syncthing/releases/download/v0.9.18/syncthing-linux-amd64-v0.9.18.tar.gz /syncthing.tar.gz,2
ADD,https://github.com/calmh/syncthing/releases/download/v0.9.17/syncthing-linux-amd64-v0.9.17.tar.gz /syncthing.tar.gz,2
ADD,https://github.com/calmh/syncthing/releases/download/v0.9.16/syncthing-linux-amd64-v0.9.16.tar.gz /syncthing.tar.gz,2
ADD,https://github.com/calmh/syncthing/releases/download/v0.9.15/syncthing-linux-amd64-v0.9.15.tar.gz /syncthing.tar.gz,2
ADD,https://github.com/calmh/syncthing/releases/download/v0.9.13/syncthing-linux-amd64-v0.9.13.tar.gz /syncthing.tar.gz,2
ADD,https://github.com/calmh/syncthing/releases/download/v0.9.11/syncthing-linux-amd64-v0.9.11.tar.gz /syncthing.tar.gz,2
ADD,https://github.com/calmh/syncthing/releases/download/v0.9.10/syncthing-linux-amd64-v0.9.10.tar.gz /syncthing.tar.gz,2
ADD,https://github.com/calmh/syncthing/releases/download/v0.9.9/syncthing-linux-amd64-v0.9.9.tar.gz /syncthing.tar.gz,2
ADD,https://github.com/calmh/syncthing/releases/download/v0.9.8/syncthing-linux-amd64-v0.9.8.tar.gz /syncthing.tar.gz,2
ADD,https://github.com/calmh/syncthing/releases/download/v0.9.4/syncthing-linux-amd64-v0.9.4.tar.gz /syncthing.tar.gz,2
ADD,https://github.com/calmh/syncthing/releases/download/v0.9.2/syncthing-linux-amd64-v0.9.2.tar.gz /syncthing.tar.gz,2
ADD,https://github.com/calmh/syncthing/releases/download/v0.9.1/syncthing-linux-amd64-v0.9.1.tar.gz /syncthing.tar.gz,2
ADD,https://github.com/calmh/syncthing/releases/download/v0.9.0/syncthing-linux-amd64-v0.9.0.tar.gz /syncthing.tar.gz,2
ADD,https://github.com/calmh/syncthing/releases/download/v0.8.19/syncthing-linux-amd64-v0.8.19.tar.gz /syncthing.tar.gz,2
ADD,https://github.com/calmh/syncthing/releases/download/v0.8.18/syncthing-linux-amd64-v0.8.18.tar.gz /syncthing.tar.gz,2
ADD,https://github.com/calmh/syncthing/releases/download/v0.8.17/syncthing-linux-amd64-v0.8.17.tar.gz /syncthing.tar.gz,2
ADD,https://github.com/calmh/syncthing/releases/download/v0.8.12/syncthing-linux-amd64-v0.8.12.tar.gz /syncthing.tar.gz,2
ADD,https://github.com/calmh/syncthing/releases/download/v0.8.10/syncthing-linux-amd64-v0.8.10.tar.gz /syncthing.tar.gz,2
ADD,conf/nginx.conf /etc/nginx/,2
ADD,conf/default.conf /etc/nginx/conf.d/,2
ADD,conf/upstream.conf /etc/nginx/conf.d/,2
ADD,./php.ini /etc/php5/fpm/conf.d/90-php.ini,2
ADD,./php.ini /etc/php5/cli/conf.d/90-php.ini,2
ADD,./php.ini /etc/php/7.1/fpm/conf.d/90-php.ini,1
ADD,./php.ini /etc/php/7.1/cli/conf.d/90-php.ini,1
ADD,./php.ini /etc/php/7.3/fpm/conf.d/90-php.ini,2
ADD,./php.ini /etc/php/7.3/cli/conf.d/90-php.ini,2
ADD,./php.ini /etc/php/7.4/fpm/conf.d/90-php.ini,2
ADD,./php.ini /etc/php/7.4/cli/conf.d/90-php.ini,2
ADD,./php.ini /etc/php/5/fpm/conf.d/90-php.ini,4
ADD,./php.ini /etc/php/5/cli/conf.d/90-php.ini,4
ADD,www/index.html /var/www/html/,4
ADD,conf/default.conf /etc/nginx/sites-available/,2
ADD,cudnn*.tgz root/,2
ADD,https://sonarsource.bintray.com/Distribution/sonar-scanner-cli/sonar-scanner-2.5.1.zip /root/sonarscanner.zip,1
ADD,. /go/src/websocket,1
ADD,https://github.com/Pryaxis/TShock/releases/download/$TSHOCKVERSION/$TSHOCKZIP /,1
ADD,$DL_LINK /$DL_FILE,1
ADD,https://github.com/Ubiquiti-App/UNMS/archive/v0.13.0.tar.gz /tmp/unms.tar.gz,1
ADD,https://github.com/Ubiquiti-App/UNMS/archive/v0.12.2.tar.gz /tmp/unms.tar.gz,2
ADD,https://github.com/Ubiquiti-App/UNMS/archive/2380c44cd0139fba96556bee7f3f0fc8381e720d.tar.gz /tmp/unms.tar.gz,2
ADD,https://github.com/Ubiquiti-App/UNMS/archive/7a583ca25df0c661c706334cdcd085be0e942517.tar.gz /tmp/unms.tar.gz,2
ADD,https://github.com/Ubiquiti-App/UNMS/archive/4a4cc87c476fec59fc8fed90ec1b0bf69dade8fd.tar.gz /tmp/unms.tar.gz,2
ADD,https://desktop.figma.com/win/FigmaSetup.exe /usr/src/FigmaSetup.exe,2
ADD,https://dl.google.com/linux/direct/google-talkplugin_current_amd64.deb /src/google-talkplugin_current_amd64.deb,8
ADD,https://download.scdn.co/SpotifySetup.exe /usr/src/SpotifySetup.exe,1
ADD,https://d1clcicqv97n4s.cloudfront.net/ctrl/SpotifySetup.exe /usr/src/SpotifySetup.exe,2
ADD,https://download1.rstudio.org/rstudio-0.99.484-amd64.deb /src/rstudio.deb,2
ADD,https://releases.hashicorp.com/vagrant/${VAGRANT_VERSION}/vagrant_${VAGRANT_VERSION}_x86_64.deb /src/vagrant_${VAGRANT_VERSION}_x86_64.deb,2
ADD,https://raw.githubusercontent.com/rawdigits/wee-slack/master/wee_slack.py /home/user/.weechat/python/autoload/wee_slack.py,1
ADD,buttslock.py buttslock.sh lock.png /,2
ADD,https://dl.google.com/linux/direct/google-chrome-beta_current_amd64.deb /src/google-chrome-beta_current_amd64.deb,3
ADD,https://dl.google.com/linux/direct/google-chrome-stable_current_amd64.deb /src/google-chrome-stable_current_amd64.deb,3
ADD,https://dl.bintray.com/mitchellh/vagrant/vagrant_${VERSION}_x86_64.deb /src/vagrant_${VERSION}_x86_64.deb,4
ADD,https://jesss.s3.amazonaws.com/debs/google-talkplugin_current_amd64.deb /src/google-talkplugin_current_amd64.deb,6
ADD,https://jesss.s3.amazonaws.com/binaries/consul/${CONSUL_VERSION}/consul /usr/local/bin/consul,2
ADD,https://jesss.s3.amazonaws.com/binaries/curl-unix-socket /usr/local/bin/curl-unix-socket,2
ADD,reset-cache.py /bin/reset-cache,1
ADD,https://jesss.s3.amazonaws.com/binaries/consul/0.4.1/consul /usr/local/bin/consul,2
ADD,https://jesss.s3.amazonaws.com/consul/0.4.1/consul /usr/local/bin/consul,2
ADD,https://jesss.s3.amazonaws.com/backups/bin/curl-unix-socket /usr/local/bin/curl-unix-socket,2
ADD,znc-shim /usr/local/bin/znc-shim,2
ADD,conf /.znc,2
ADD,serverless.yml /root/worker-deploy/serverless.yml,1
ADD,nginx.conf /etc/nginx/nginx.conf,1
ADD,https://api.github.com/repos/purcell/nix-emacs-ci/git/refs/heads/master /tmp/cache,34
ADD,https://git.savannah.gnu.org/git/emacs.git/refs/heads/master /tmp/cache,4
ADD,https://api.github.com/repos/purcell/nix-emacs-ci/commits?per_page=1 /tmp/cache,32
ADD,https://api.github.com/repos/Silex/nix-emacs-ci/commits?per_page=1 /tmp/cache,32
ADD,https://git.sv.gnu.org/git/emacs.git/refs/heads/master /tmp/cache,4
ADD,kernels /usr/share/jupyter/kernels/,2
ADD,patch.sh /,1
ADD,patches /patches,1
ADD,https://github.com/just-containers/s6-overlay/releases/download/v2.2.0.1/s6-overlay-amd64-installer /tmp/,1
ADD,bootstrap files,1
ADD,./bootstrap /bootstrap,1
ADD,rootfs files,1
ADD,./rootfs /,1
ADD,run script,1
ADD,xstartup ${HOME}/.vnc/,5
ADD,lib/libstdc++.so.6.0.25 /lib64/,3
ADD,assets/test-kimai-version.sh /test-kimai-version.sh,1
ADD,test-kimai-version.sh /test-kimai-version.sh,2
ADD,ServiceMonitor.exe /ServiceMonitor.exe,5
ADD,any application content and perform any configuration below,5
ADD,kibana.yml /kibana/config/kibana.yml,1
ADD,./setup_configs.sh /kibana/setup_configs.sh,1
ADD,elasticsearch.yml /elasticsearch/config/elasticsearch.yml,7
ADD,logging.yml /data/conf/logging.yml,2
ADD,elasticsearch.yml /data/conf/elasticsearch.yml,2
ADD,nginx-sites.conf /etc/nginx/sites-enabled/default,2
ADD,unicorn.rb /app/config/unicorn.rb,2
ADD,Procfile /app/Procfile,2
ADD,https://github.com/PrestaShop/PrestaShop/releases/download/1.7.8.9/prestashop_1.7.8.9.zip /tmp/prestashop.zip,8
ADD,https://github.com/PrestaShop/PrestaShop/releases/download/8.0.4/prestashop_8.0.4.zip /tmp/prestashop.zip,10
ADD,https://github.com/PrestaShop/PrestaShop/releases/download/8.0.3/prestashop_8.0.3.zip /tmp/prestashop.zip,10
ADD,https://github.com/PrestaShop/PrestaShop/releases/download/8.0.2/prestashop_8.0.2.zip /tmp/prestashop.zip,10
ADD,https://www.prestashop.com/download/old/prestashop_1.7.8.7.zip /tmp/prestashop.zip,40
ADD,https://www.prestashop.com/download/old/prestashop_1.7.8.8.zip /tmp/prestashop.zip,24
ADD,https://github.com/PrestaShop/PrestaShop/releases/download/8.0.0-beta.1/prestashop_8.0.0-beta.1.zip /tmp/prestashop.zip,50
ADD,https://github.com/PrestaShop/PrestaShop/releases/download/8.0.0-rc.1/prestashop_8.0.0-rc.1.zip /tmp/prestashop.zip,70
ADD,https://github.com/PrestaShop/PrestaShop/releases/download/8.0.0/prestashop_8.0.0.zip /tmp/prestashop.zip,50
ADD,https://github.com/PrestaShop/PrestaShop/releases/download/8.0.1/prestashop_8.0.1.zip /tmp/prestashop.zip,30
ADD,https://www.prestashop.com/download/old/prestashop_1.7.8.6.zip /tmp/prestashop.zip,8
ADD,https://www.prestashop.com/download/old/prestashop_1.7.8.5.zip /tmp/prestashop.zip,8
ADD,https://www.prestashop.com/download/old/prestashop_1.7.8.4.zip /tmp/prestashop.zip,8
ADD,https://www.prestashop.com/download/old/prestashop_1.7.8.3.zip /tmp/prestashop.zip,8
ADD,https://www.prestashop.com/download/old/prestashop_1.7.8.2.zip /tmp/prestashop.zip,8
ADD,https://www.prestashop.com/download/old/prestashop_1.7.8.1.zip /tmp/prestashop.zip,8
ADD,https://www.prestashop.com/download/old/prestashop_1.7.8.0.zip /tmp/prestashop.zip,8
ADD,https://www.prestashop.com/download/old/prestashop_1.7.8.0-rc.1.zip /tmp/prestashop.zip,8
ADD,https://www.prestashop.com/download/old/prestashop_1.7.7.8.zip /tmp/prestashop.zip,6
ADD,https://www.prestashop.com/download/old/prestashop_1.7.7.7.zip /tmp/prestashop.zip,6
ADD,https://www.prestashop.com/download/old/prestashop_1.7.7.6.zip /tmp/prestashop.zip,6
ADD,https://www.prestashop.com/download/old/prestashop_1.7.7.5.zip /tmp/prestashop.zip,6
ADD,https://www.prestashop.com/download/old/prestashop_1.7.8.0-beta.1.zip /tmp/prestashop.zip,8
ADD,https://download.prestashop.com/download/releases/prestashop_1.7.8.0-beta.1.zip /tmp/prestashop.zip,16
ADD,https://www.prestashop.com/download/old/prestashop_1.7.7.4.zip /tmp/prestashop.zip,6
ADD,https://www.prestashop.com/download/old/prestashop_1.7.7.3.zip /tmp/prestashop.zip,6
ADD,https://www.prestashop.com/download/old/prestashop_1.7.7.2.zip /tmp/prestashop.zip,6
ADD,https://www.prestashop.com/download/old/prestashop_1.7.7.1.zip /tmp/prestashop.zip,6
ADD,https://www.prestashop.com/download/old/prestashop_1.7.7.0.zip /tmp/prestashop.zip,6
ADD,mopidy.conf /var/lib/mopidy/.config/mopidy/mopidy.conf,6
ADD,https://apt.mopidy.com/mopidy.gpg /tmp/mopidy.gpg,2
ADD,https://apt.mopidy.com/mopidy.list /etc/apt/sources.list.d/mopidy.list,2
ADD,https://bootstrap.pypa.io/get-pip.py /tmp/get-pip.py,2
ADD,mopidy.sh /mopidy.sh,2
ADD,do_not_use.yml /elasticsearch/config/elasticsearch.yml,2
ADD,config /elasticsearch/config,1
ADD,. $JIRA_INSTALL,2
ADD,./temp/atlassian-agent.jar $AGENT_PATH,2
ADD,--chown=jira:jira . $JIRA_INSTALL,2
ADD,--chown=jira:jira ./temp/atlassian-agent.jar $AGENT_PATH,2
ADD,--chown=jira:jira ./temp/dbconfig.xml $JIRA_HOME/dbconfig.xml,2
ADD,docker/01-build-server.sh /tmp/01-build-server.sh,3
ADD,docker/02-apt-get-install.sh /tmp/02-apt-get-install.sh,3
ADD,docker/03-custom-install.sh /tmp/03-custom-install.sh,3
ADD,docker/04-cleanup.sh /tmp/04-cleanup.sh,3
ADD,debian-bootstrap.sh /tmp/debian-bootstrap.sh,10
ADD,. /tmp/stackage,10
ADD,--chmod=744 "https://raw.githubusercontent.com/linuxserver/docker-mods/mod-scripts/package-install.${PKG_INST_VERSION}" "/etc/s6-overlay/s6-rc.d/init-mods-package-install/run",1
ADD,--chmod=744 "https://raw.githubusercontent.com/linuxserver/docker-mods/mod-scripts/docker-mods.${MODS_VERSION}" "/docker-mods",1
ADD,"https://raw.githubusercontent.com/linuxserver/docker-mods/mod-scripts/docker-mods.${MODS_VERSION}" "/docker-mods",2
ADD,https://github.com/just-containers/s6-overlay/releases/download/v${S6_OVERLAY_VERSION}/s6-overlay-noarch.tar.xz /tmp,1
ADD,https://github.com/just-containers/s6-overlay/releases/download/v${S6_OVERLAY_VERSION}/s6-overlay-${S6_OVERLAY_ARCH}.tar.xz /tmp,1
ADD,https://github.com/just-containers/s6-overlay/releases/download/v${S6_OVERLAY_VERSION}/s6-overlay-symlinks-noarch.tar.xz /tmp,1
ADD,https://github.com/just-containers/s6-overlay/releases/download/v${S6_OVERLAY_VERSION}/s6-overlay-symlinks-arch.tar.xz /tmp,1
ADD,https://github.com/just-containers/s6-overlay/releases/download/${OVERLAY_VERSION}/s6-overlay-${OVERLAY_ARCH}-installer /tmp/,2
ADD,rootfs.tar.xz /,5
ADD,rootfs.tar.gz /,2
ADD,conf/start.sh /conf-custom/start.sh,1
ADD,conf/aria2.conf /conf-custom/aria2.conf,1
ADD,conf/on-complete.sh /conf-custom/on-complete.sh,1
ADD,start.sh /usr/local/bin/,1
ADD,frps.ini /etc/frp/frps.ini,1
ADD,config.ini /etc/linx/config.ini,1
ADD,picons.tar.bz2 /picons,2
ADD,./startup.sh ./,4
ADD,sources.list /etc/apt/,6
ADD,plexmediaserver /defaults/plexmediaserver,2
ADD,plexmediaserver /etc/default/plexmediaserver,4
ADD,https://github.com/conan-io/conan/archive/${CONAN_VERSION}.zip /,1
ADD,tools.json ${TOOLS_JSON},2
ADD,tools.php /usr/local/bin/tools.php,2
ADD,list-tools.sh /usr/local/bin/list-tools.sh,2
ADD,packages.txt /sdk,4
ADD,https://ftp.pcre.org/pub/pcre/pcre-$PCRE_VERSION.tar.gz /tmp/pcre.tar.gz,2
ADD,https://nginx.org/download/nginx-$VERSION.tar.gz /tmp/nginx.tar.gz,1
ADD,https://www.openssl.org/source/openssl-$OPENSSL_VERSION.tar.gz /tmp/openssl.tar.gz,1
ADD,https://zlib.net/zlib-$ZLIB_VERSION.tar.gz /tmp/zlib.tar.gz,1
ADD,https://nginx.org/download/nginx-$NGINX_VERSION.tar.gz /tmp/nginx.tar.gz,2
ADD,. /bot/,1
ADD,tidy-viml /util/,2
ADD,pyminifier.py opy /util/,2
ADD,ocd-clean tidy-viml /util/,4
ADD,./root /pyinstaller,2
ADD,docker-entrypoint.sh docker-entrypoint.sh,1
ADD,app/package.json /src/package.json,3
ADD,app/nodemon.json /src/nodemon.json,2
ADD,--chown=fusionauth:fusionauth https://search.maven.org/remotecontent?filepath=mysql/mysql-connector-java/8.0.30/mysql-connector-java-8.0.30.jar /usr/local/fusionauth/fusionauth-app/lib,1
ADD,--chown=fusionauth:fusionauth https://files.fusionauth.io/mysql/mysql-connector-java-${MYSQL_CONNECTOR_VERSION}.jar /usr/local/fusionauth/fusionauth-app/lib,2
ADD,--chown=fusionauth:fusionauth https://files.fusionauth.io/mysql/mysql-connector-java-${MYSQL_CONNECTOR_VERSION}.jar /usr/local/fusionauth/fusionauth-app/apache-tomcat/lib,4
ADD,--chown=fusionauth:fusionauth https://files.fusionauth.io/mysql/mysql-connector-java-${MYSQL_CONNECTOR_VERSION}.jar /usr/local/fusionauth/fusionauth-app/web/WEB-INF/lib,2
ADD,--chown=fusionauth:fusionauth https://storage.googleapis.com/inversoft_products_j098230498/mysql/mysql-connector-java-${MYSQL_CONNECTOR_VERSION}.jar /usr/local/fusionauth/fusionauth-app/web/WEB-INF/lib,2
ADD,--chown=fusionauth:fusionauth https://storage.googleapis.com/inversoft_products_j098230498/mysql/mysql-connector-java-${MYSQL_CONNECTOR_VERSION}.jar /usr/local/fusionauth/fusionauth-app/apache-tomcat/lib,2
ADD,https://aka.ms/vs/17/release/vs_buildtools.exe C:\\TEMP\\vs_buildtools.exe,3
ADD,https://aka.ms/vs/15/release/vs_buildtools.exe C:\\TEMP\\vs_buildtools.exe,6
ADD,https://aka.ms/vscollect.exe C:\\TEMP\\collect.exe,3
ADD,https://nodejs.org/dist/v8.11.3/node-v8.11.3-x64.msi C:\\TEMP\\node-install.msi,3
ADD,${CHANNEL_URL} C:\\TEMP\\VisualStudio.chman,3
ADD,./setup-git-fusion.sh /usr/local/bin/,1
ADD,./setup-perforce.sh /usr/local/bin/,1
ADD,./p4d.template /etc/perforce/p4dctl.conf.d/p4d.template,4
ADD,./env.d/ /etc/container_environment,1
ADD,./p4-users.txt /root/,2
ADD,./p4-groups.txt /root/,2
ADD,./p4-protect.txt /root/,2
ADD,./p4d.run  /etc/service/p4d/run,1
ADD,./p4d.init /etc/my_init.d/10-p4d.sh,1
ADD,id_rsa.pub /root/.ssh/authorized_keys,2
ADD,./genesis.json ./genesis.json,9
ADD,../genesis.json ./genesis.json,4
ADD,./bootnode.key ./bootnode.key,2
ADD,core-site.xml.template $HADOOP_PREFIX/etc/hadoop/core-site.xml.template,3
ADD,core-site.xml $HADOOP_PREFIX/etc/hadoop/core-site.xml,3
ADD,bootstrap.sh /etc/bootstrap.sh,1
ADD,bootstrap.sh $HADOOP_PREFIX/bootstrap.sh,2
ADD,ssh_config /root/.ssh/config,1
ADD,supervisord.conf /etc/supervisord.conf,2
ADD,mapred-site.xml $HADOOP_PREFIX/etc/hadoop/mapred-site.xml,1
ADD,yarn-site.xml $HADOOP_PREFIX/etc/hadoop/yarn-site.xml,1
ADD,https://raw.githubusercontent.com/khs1994-docker/lnmp-nginx-conf-demo/master/wait-for-php.sh /wait-for-php.sh,5
ADD,--chown=55:mygroup files* /somedir/,1
ADD,https://raw.githubusercontent.com/khs1994-docker/lnmp/master/config/etc/nginx/nginx.production.conf /etc/nginx/nginx.conf,2
ADD,usr/ /usr/,1
ADD,https://kmuto.jp/debian/noto/fonts-noto-cjk_1.004+repack3-1~exp1_all.deb /tmp/noto.deb,2
ADD,noto/ /usr/share/texlive/texmf-dist/fonts/map/dvipdfmx/ptex-fontmaps/noto/,4
ADD,https://kmuto.jp/debian/noto/noto-map.tgz /tmp/noto-map.tgz,6
ADD,http://kmuto.jp/debian/noto/fonts-noto-cjk_1.004+repack3-1~exp1_all.deb /tmp/noto.deb,2
ADD,./noto-font.map /etc/texmf,2
ADD,patches/nagios-plugins-2.4.0_check_ifstatus.patch /tmp/nagios-plugins-2.4.0_check_ifstatus.patch,2
ADD,overlay /,1
ADD,nagios/nagios.cfg /opt/nagios/etc/nagios.cfg,2
ADD,nagios/cgi.cfg /opt/nagios/etc/cgi.cfg,2
ADD,nagios/templates.cfg /opt/nagios/etc/objects/templates.cfg,2
ADD,nagios/commands.cfg /opt/nagios/etc/objects/commands.cfg,2
ADD,nagios/localhost.cfg /opt/nagios/etc/objects/localhost.cfg,2
ADD,rsyslog/rsyslog.conf /etc/rsyslog.conf,4
ADD,nagios.init /etc/sv/nagios/run,2
ADD,apache.init /etc/sv/apache/run,2
ADD,postfix.init /etc/sv/postfix/run,2
ADD,rsyslog.init /etc/sv/rsyslog/run,4
ADD,start.sh /usr/local/bin/start_nagios,2
ADD,fix-nagiosgraph-multiple-selection.sh /opt/nagiosgraph/etc,2
ADD,nagios-core-4.3.1-fix-upstream-issue-337.patch /tmp/,4
ADD,httpd.conf.patch /tmp/,4
ADD,rsyslog.init /etc/sv/postfix/run,2
ADD,patches/check_game.patch /tmp/,2
ADD,postfix.stop /etc/sv/postfix/finish,4
ADD,http://downloads.sourceforge.net/project/nagiosgraph/nagiosgraph/1.5.2/nagiosgraph-1.5.2.tar.gz /tmp/,2
ADD,https://assets.nagios.com/downloads/nagioscore/releases/nagios-4.1.1.tar.gz /tmp/,2
ADD,http://www.nagios-plugins.org/download/nagios-plugins-2.1.1.tar.gz /tmp/,2
ADD,http://downloads.sourceforge.net/project/nagios/nrpe-2.x/nrpe-2.15/nrpe-2.15.tar.gz /tmp/,2
ADD,http://downloads.sourceforge.net/project/nagiosgraph/nagiosgraph/1.5.2/nagiosgraph-1.5.2.tar.gz /tmp,2
ADD,start-zk.sh /usr/bin/start-zk.sh,1
ADD,confd /etc/confd,3
ADD,./zoo.cfg /opt/zookeeper/conf/,3
ADD,/patterns/haproxy /opt/logstash/patterns/haproxy,1
ADD,supervisor /etc/supervisor,2
ADD,haproxy /etc/haproxy,2
ADD,ddclient /etc/default/ddclient,1
ADD,ddclient.conf /etc/ddclient.conf,1
ADD,entrypoint.sh /opt/entrypoint.sh,1
ADD,./run.sh /run.sh,1
ADD,./xwiki.properties ${TOMCAT_HOME}/webapps/xwiki/WEB-INF/,1
ADD,./hibernate.cfg.xml ${TOMCAT_HOME}/webapps/xwiki/WEB-INF/,1
ADD,./hibernate.cfg.xml "${TOMCAT_HOME}/webapps/xwiki/WEB-INF",2
ADD,./hibernate.cfg.xml ${TOMCAT_HOME}/webapps/xwiki/WEB-INF,2
ADD,./hibernate.cfg.xml ${TOMCAT_HOME}/conf/,2
ADD,logrotate /etc/logrotate.d/tomcat7,1
ADD,./server.xml ${TOMCAT_HOME}/conf/,1
ADD,./server.xml ${TOMCAT_HOME}/conf,2
ADD,yourfile.war ${TOMCAT_HOME}/webapps/ROOT.war,1
ADD,yourfile.war /opt/tomcat/webapps/ROOT.war,3
ADD,crontab /etc/cron.d/simple-cron,1
ADD,crontab /etc/cron.d/hello-cron,1
ADD,browsers.json /etc/selenoid/browsers.json,2
ADD,novnc /root/novnc/,1
ADD,--chown=autoware https://carla-releases.s3.eu-west-3.amazonaws.com/Backup/carla-0.9.10-py2.7-linux-x86_64.egg ./PythonAPI,1
ADD,https://github.com/composer/composer.github.io/blob/e7f28b7200249f8e5bc912b42837d4598c74153a/snapshots.pub /tmp/keys.dev.pub,2
ADD,https://github.com/composer/composer.github.io/blob/e7f28b7200249f8e5bc912b42837d4598c74153a/releases.pub /tmp/keys.tags.pub,2
ADD,install  /,6
ADD,build-atom.sh /usr/local/bin/build-atom.sh,1
ADD,${FRONTEND_ZIP_URL} /tmp/frontend.zip,1
ADD,--chown=101:101 common_vars.conf /etc/nginx/conf.d/common_vars.conf,1
ADD,Custom Config,1
ADD,./compose/nginx/nginx.conf /etc/nginx/nginx.conf,1
ADD,./compose/nginx/default.conf /etc/nginx/conf.d/default.conf,1
ADD,and set Group,3
ADD,./compose/php/www.conf /usr/local/etc/php-fpm.d/www.conf,1
ADD,. /apps/html,2
ADD,sites-enabled/nginx.conf /etc/nginx/conf.d/default.conf,1
ADD,./code /code,1
ADD,cloud-init /etc/sudoers.d/cloud-init,1
ADD,packages.txt ./,3
ADD,latex_requirements.txt ./,6
ADD,latex_requirements.full.txt ./,3
ADD,requirements.txt ./,5
ADD,fetch-pandoc-crossref.sh /usr/local/bin/,4
ADD,cache/ ./cache,1
ADD,fetch-pandoc.sh /usr/local/bin/,1
ADD,rootfs.tar /,3
ADD,. /home/tester/bitcoin-testnet-box,1
ADD,./readonly_key /root/.ssh/id_rsa,1
ADD,./start.sh /root/start.sh,1
ADD,https://dbeaver.jkiss.org/files/dbeaver-ce_latest_amd64.deb .,1
ADD,https://storage.googleapis.com/chrome-builds/headless/chrome-headless.deb /src/chrome-headless.deb,4
ADD,https://dl.google.com/linux/direct/google-chrome-unstable_current_amd64.deb /src/google-chrome-unstable_current_amd64.deb,1
ADD,https://github.com/krallin/tini/releases/download/v0.19.0/tini /tini,1
ADD,sources.list /etc/apt/sources.list,2
ADD,nginx_whitelist.conf /usr/local/nginx/conf/nginx.conf,2
ADD,about.json $ZEPPELIN_NOTEBOOK_DIR/2BTRWA9EV/note.json,1
ADD,about.json $ZEPPELIN_NOTEBOOK_DIR/2BH1SW5AH/note.json,2
ADD,server_env.tar.gz /root/.fis3-tmp/www,1
ADD,demo.tar.gz /home/work/_website,1
ADD,entrypoint.sh /,10
ADD,commands/xvfb.init.sh /etc/init.d/xvfb,2
ADD,configs/nginx-default-site /etc/nginx/sites-available/default,2
ADD,commands/chrome-system-check.sh /usr/bin/chrome-system-check,1
ADD,commands/chromedriver-compatibility-matrix.php /usr/bin/chromedriver-compatibility-matrix.php,1
ADD,commands/dusk-versions-check.php /usr/bin/dusk-versions-check.php,1
ADD,commands/versions /usr/bin/versions,3
ADD,. /ceph_from_scratch,1
ADD,https://raw.githubusercontent.com/appropriate/docker-postgis/master/initdb-postgis.sh /docker-entrypoint-initdb.d/postgis.sh,149
ADD,https://raw.githubusercontent.com/appropriate/docker-postgis/master/update-postgis.sh /usr/local/bin/update-postgis.sh,149
ADD,https://raw.githubusercontent.com/circleci/circleci-images/master/android/bin/circle-android /bin/circle-android,42
ADD,bin/circle-android /bin/circle-android,20
ADD,nzbget.conf /tmp/nzbget.conf,2
ADD,https://github.com/gfjardim/nzbget-updates/raw/master/libpar2-1_0.4-3patched_amd64.deb /src/libpar2.deb,2
ADD,https://github.com/gfjardim/nzbget-updates/raw/master/nzbget-STABLE-amd64.deb /src/nzbget.deb,2
ADD,deb/ /tmp/,1
ADD,https://www.openssl.org/source/openssl-${RESTY_OPENSSL_VERSION}.tar.gz /tmp/openssl-${RESTY_OPENSSL_VERSION}.tar.gz,4
ADD,https://ftp.csx.cam.ac.uk/pub/software/programming/pcre/pcre-${RESTY_PCRE_VERSION}.tar.gz /tmp/pcre-${RESTY_PCRE_VERSION}.tar.gz,4
ADD,https://openresty.org/download/openresty-${RESTY_VERSION}.tar.gz /tmp/openresty-${RESTY_VERSION}.tar.gz,4
ADD,https://yarnpkg.com/downloads/$YARN_VERSION/yarn-v${YARN_VERSION}.tar.gz /opt/yarn.tar.gz,2
ADD,standalone.xml ${WILDFLY_HOME}/standalone/configuration/,3
ADD,start.sh .,6
ADD,standalone.conf ${WILDFLY_HOME}/bin/,4
ADD,ping.war ${DEPLOYMENT_DIR},4
ADD,haproxy.cfg /etc/haproxy/haproxy.cfg,1
ADD,https://github.com/AdamBien/headlands/releases/download/v0.0.4/headlands.war ${DEPLOYMENT_DIR},1
ADD,https://github.com/AdamBien/headlands/releases/download/v0.0.3/headlands.war ${DEPLOYMENT_DIR},3
ADD,start.sh ./start.sh,2
ADD,micro.js ${INSTALL_DIR},1
ADD,ping.war ${WILDFLY_HOME}/standalone/deployments/,2
ADD,ping.war .,2
ADD,$RPI_KERNEL_URL /tmp/qemu-rpi-kernel.zip,1
ADD,https://github.com/dhruvvyas90/qemu-rpi-kernel/archive/afe411f2c9b04730bcc6b2168cdc9adca224227c.zip /tmp/qemu-rpi-kernel.zip,2
ADD,$FILESYSTEM_IMAGE_URL /filesystem.zip,1
ADD,http://downloads.raspberrypi.org/raspbian_lite/images/raspbian_lite-2019-09-30/2019-09-26-raspbian-buster-lite.zip /filesystem.zip,2
ADD,./entrypoint.sh /entrypoint.sh,1
ADD,http://downloads.raspberrypi.org/raspbian_lite/images/raspbian_lite-2019-09-30/2019-09-26-raspbian-buster-lite.zip /tmp/filesystem.zip,2
ADD,http://downloads.raspberrypi.org/raspbian/images/raspbian-2019-09-30/2019-09-26-raspbian-buster.zip /tmp/filesystem.zip,2
ADD,https://github.com/dhruvvyas90/qemu-rpi-kernel/archive/master.zip /tmp/qemu-rpi-kernel-master.zip,1
ADD,./app /var/www/app/,12
ADD,./provisioning /tmp/provisioning/,12
ADD,https://github.com/ArtifexSoftware/ghostpdl-downloads/releases/download/gs9561/ghostscript-9.56.1-linux-x86_64.tgz /tmp/ghostscript.tgz,1
ADD,https://raw.githubusercontent.com/vishnubob/wait-for-it/master/wait-for-it.sh /usr/local/bin/wait-for-it.sh,11
ADD,https://github.com/openssl/openssl/archive/OpenSSL_1_0_1c.tar.gz /OpenSSL_1_0_1c.tar.gz,1
ADD,https://github.com/openssl/openssl/archive/refs/tags/OpenSSL_1_1_1m.tar.gz /OpenSSL_1_1_1m.tar.gz,1
ADD,https://github.com/curl/curl/releases/download/curl-7_82_0/curl-7.82.0.tar.gz /curl-7.82.0.tar.gz,1
ADD,aria2.conf /usr/aria2/aria2.conf,10
ADD,./build/install/ /tmp/,8
ADD,install/ /opt/,10
ADD,docker-entrypoint.sh /docker-entrypoint.sh,55
ADD,logging.yml ./config/logging.yml,40
ADD,docker-entrypoint.sh /,90
ADD,elasticsearch.yml ./config/,12
ADD,authorized_keys /home/git/.ssh/authorized_keys,5
ADD,files /,8
ADD,docker-entrypoint.sh /usr/local/bin/docker-entrypoint.sh,8
ADD,jmx-console.web.xml /jboss-6.1.0.Final/common/deploy/jmx-console.war/WEB-INF/web.xml,8
ADD,jmx-console.jboss-web.xml /jboss-6.1.0.Final/common/deploy/jmx-console.war/WEB-INF/jboss-web.xml,8
ADD,web-console.web.xml /jboss-6.1.0.Final/common/deploy/jbossws-console.war/WEB-INF/web.xml,8
ADD,web-console.jboss-web.xml /jboss-6.1.0.Final/common/deploy/jbossws-console.war/WEB-INF/jboss-web.xml,8
ADD,set_jboss_admin_pass.sh /set_jboss_admin_pass.sh,8
ADD,init.groovy /usr/share/jenkins/ref/init.groovy.d,8
ADD,ssh_server_fork.patch /ssh_server_fork.patch,8
ADD,debian.patch /debian.patch,8
ADD,local.crt local.key /etc/ssl/nginx/,6
ADD,--chown=root:root docker-entrypoint.sh /docker-entrypoint.sh,8
ADD,saltinit.py /usr/local/bin/saltinit,12
ADD,smb.conf /usr/local/samba/etc/smb.conf,7
ADD,scrapyd.conf /opt/scrapyd/scrapyd.conf,8
ADD,index.php /var/www/html/index.php,8
ADD,docker-entrypoint.sh /usr/local/bin/,7
ADD,requirements.txt /tmp/requirements.txt,7
ADD,rsyncd.conf /etc/rsyncd.conf,8
ADD,web.rb /usr/src/web.rb,8
ADD,https://github.com/ArtifexSoftware/ghostpdl-downloads/releases/download/gs9533/ghostscript-9.53.3-linux-x86_64.tgz /tmp/ghostscript.tgz,1
ADD,https://github.com/ArtifexSoftware/ghostpdl-downloads/releases/download/gs925/ghostscript-9.25-linux-x86_64.tgz /tmp/ghostscript.tgz,1
ADD,https://github.com/ArtifexSoftware/ghostpdl-downloads/releases/download/gs925/ghostpcl-9.25-linux-x86_64.tgz /tmp/ghostscript.tgz,2
ADD,https://github.com/ArtifexSoftware/ghostpdl-downloads/releases/download/gs921/ghostscript-9.21-linux-x86_64.tgz /tmp/ghostscript.tgz,3
ADD,https://github.com/ArtifexSoftware/ghostpdl-downloads/releases/download/gs923/ghostscript-9.23-linux-x86_64.tgz /tmp/ghostscript.tgz,3
ADD,https://github.com/ArtifexSoftware/ghostpdl-downloads/releases/download/gs926/ghostscript-9.26-linux-x86_64.tgz /tmp/ghostscript.tgz,3
ADD,https://cdn.vulhub.org/struts2/s2-053/ROOT.war /usr/local/tomcat/webapps/ROOT.war,3
ADD,https://github.com/vulhub/package/raw/master/struts2/s2-053/ROOT.war /usr/local/tomcat/webapps/ROOT.war,4
ADD,https://cdn.vulhub.org/struts2/s2-016/ROOT.war /usr/local/tomcat/webapps/ROOT.war,3
ADD,https://github.com/vulhub/package/raw/master/struts2/s2-016/ROOT.war /usr/local/tomcat/webapps/ROOT.war,8
ADD,https://github.com/ArtifexSoftware/ghostpdl-downloads/releases/download/gs926/ghostpcl-9.26-linux-x86_64.tgz /tmp/ghostscript.tgz,2
ADD,Gemfile.lock /usr/src/blog/Gemfile.lock,4
ADD,logging.yml ./config/,2
ADD,installer.properties /opt/installer.properties,2
ADD,container /,1
ADD,https://github.com/gohugoio/hugo/releases/download/v${VERSION}/hugo_${VERSION}_Linux-64bit.tar.gz  /tmp/hugo.tar.gz,2
ADD,https://github.com/tsenart/vegeta/releases/download/v${VERSION}/vegeta-v${VERSION}-linux-amd64.tar.gz /tmp/vegeta.tar.gz,4
ADD,https://github.com/spf13/hugo/releases/download/v${VERSION}/hugo_${VERSION}_Linux-64bit.tar.gz /tmp/hugo.tar.gz,4
ADD,https://raw.githubusercontent.com/sivel/speedtest-cli/master/speedtest.py /usr/bin/speedtest,1
ADD,https://raw.githubusercontent.com/sivel/speedtest-cli/master/speedtest.py /speedtest,4
ADD,clickhouse /etc/clickhouse-server/,1
ADD,clickhouse /etc/clickhouse-server,1
ADD,https://geolite.maxmind.com/download/geoip/database/GeoLite2-City-CSV.zip /tmp,1
ADD,https://geolite.maxmind.com/download/geoip/database/GeoLite2-Country-CSV.zip /tmp,1
ADD,https://geolite.maxmind.com/download/geoip/database/GeoLite2-ASN-CSV.zip /tmp,1
ADD,./zookeeper-3.4.5 /opt/zookeeper-3.4.5,2
ADD,https://download-cdn.resilio.com/2.7.3/linux-x64/resilio-sync_x64.tar.gz /tmp/sync.tgz,1
ADD,https://download-cdn.resilio.com/2.7.2/linux-x64/resilio-sync_x64.tar.gz /tmp/sync.tgz,2
ADD,https://download-cdn.resilio.com/2.7.1/linux-x64/resilio-sync_x64.tar.gz /tmp/sync.tgz,2
ADD,https://download-cdn.resilio.com/2.7.0/linux-x64/resilio-sync_x64.tar.gz /tmp/sync.tgz,2
ADD,https://download-cdn.resilio.com/2.6.4/linux-x64/resilio-sync_x64.tar.gz /tmp/sync.tgz,2
ADD,https://download-cdn.resilio.com/2.6.3/linux-x64/resilio-sync_x64.tar.gz /tmp/sync.tgz,2
ADD,https://download-cdn.resilio.com/2.6.2/linux-x64/resilio-sync_x64.tar.gz /tmp/sync.tgz,2
ADD,https://download-cdn.resilio.com/2.6.1/linux-x64/resilio-sync_x64.tar.gz /tmp/sync.tgz,2
ADD,https://download-cdn.resilio.com/2.6.0/linux-x64/resilio-sync_x64.tar.gz /tmp/sync.tgz,2
ADD,https://download-cdn.resilio.com/2.5.13/linux-x64/resilio-sync_x64.tar.gz /tmp/sync.tgz,2
ADD,https://download-cdn.resilio.com/2.5.12/linux-x64/resilio-sync_x64.tar.gz /tmp/sync.tgz,2
ADD,https://download-cdn.resilio.com/2.5.11/linux-x64/resilio-sync_x64.tar.gz /tmp/sync.tgz,2
ADD,https://download-cdn.resilio.com/2.5.10/linux-x64/resilio-sync_x64.tar.gz /tmp/sync.tgz,2
ADD,https://download-cdn.resilio.com/2.5.9/linux-x64/resilio-sync_x64.tar.gz /tmp/sync.tgz,2
ADD,https://download-cdn.resilio.com/2.5.8/linux-x64/resilio-sync_x64.tar.gz /tmp/sync.tgz,8
ADD,https://download-cdn.resilio.com//linux-x64/resilio-sync_x64.tar.gz /tmp/sync.tgz,4
ADD,https://download-cdn.resilio.com/2.5.6/linux-x64/resilio-sync_x64.tar.gz /tmp/sync.tgz,6
ADD,https://download-cdn.resilio.com/2.5.7/linux-x64/resilio-sync_x64.tar.gz /tmp/sync.tgz,4
ADD,https://download-cdn.resilio.com/2.5.2/linux-x64/resilio-sync_x64.tar.gz /tmp/sync.tgz,2
ADD,https://download-cdn.resilio.com/2.4.5/linux-x64/resilio-sync_x64.tar.gz /tmp/sync.tgz,2
ADD,https://download-cdn.resilio.com/2.4.4/linux-x64/resilio-sync_x64.tar.gz /tmp/sync.tgz,2
ADD,https://download-cdn.resilio.com/2.4.2/linux-x64/resilio-sync_x64.tar.gz /tmp/sync.tgz,2
ADD,https://download-cdn.resilio.com/2.4.1/linux-x64/resilio-sync_x64.tar.gz /tmp/sync.tgz,2
ADD,https://download-cdn.resilio.com/stable/linux-x64/resilio-sync_x64.tar.gz /tmp/sync.tgz,2
ADD,https://download-cdn.getsync.com/2.3.3/linux-x64/BitTorrent-Sync_x64.tar.gz /tmp/sync.tgz,2
ADD,https://download-cdn.getsync.com/2.3.2/linux-x64/BitTorrent-Sync_x64.tar.gz /tmp/sync.tgz,2
ADD,https://download-cdn.getsync.com/2.3.0/linux-x64/BitTorrent-Sync_x64.tar.gz /tmp/sync.tgz,2
ADD,https://download-cdn.getsync.com/2.2.7/linux-x64/BitTorrent-Sync_x64.tar.gz /tmp/sync.tgz,2
ADD,https://download-cdn.getsync.com/2.2.5/linux-x64/BitTorrent-Sync_x64.tar.gz /tmp/sync.tgz,2
ADD,https://download-cdn.getsync.com/2.2.1/linux-x64/BitTorrent-Sync_x64.tar.gz /tmp/sync.tgz,2
ADD,https://download-cdn.getsync.com/2.1.0/linux-x64/BitTorrent-Sync_x64.tar.gz /tmp/sync.tgz,1
ADD,https://alpine-apk-repository.knowyourself.cc/php-alpine.rsa.pub /etc/apk/keys/php-alpine.rsa.pub,2
ADD,https://php.hernandev.com/key/php-alpine.rsa.pub /etc/apk/keys/php-alpine.rsa.pub,2
ADD,https://packages.whatwedo.ch/php-alpine.rsa.pub /etc/apk/keys/php-alpine.rsa.pub,8
ADD,https://github.com/openfaas/faas/releases/download/0.9.4/fwatchdog /usr/bin,2
ADD,https://github.com/openfaas/faas/releases/download/0.8.10/fwatchdog /usr/bin,2
ADD,https://github.com/openfaas/faas/releases/download/0.8.9/fwatchdog /usr/bin,2
ADD,https://github.com/openfaas/faas/releases/download/0.8.0/fwatchdog /usr/bin,2
ADD,https://github.com/openfaas/faas/releases/download/0.7.9/fwatchdog /usr/bin,2
ADD,https://github.com/openfaas/faas/releases/download/0.7.1/fwatchdog /usr/bin,2
ADD,https://github.com/openfaas/faas/releases/download/0.7.0/fwatchdog /usr/bin,2
ADD,https://github.com/openfaas/faas/releases/download/0.6.9/fwatchdog /usr/bin,2
ADD,rootfs /,7
ADD,devfs /,5
ADD,https://dl.bintray.com/php-alpine/key/php-alpine.rsa.pub /etc/apk/keys/php-alpine.rsa.pub,10
ADD,https://php.codecasts.rocks/php-alpine.rsa.pub /etc/apk/keys/php-alpine.rsa.pub,4
ADD,conf/config.yml /etc/alertmanager/,1
ADD,conf/prometheus.yml /etc/prometheus/,1
ADD,conf/alert.rules /etc/prometheus/,1
ADD,symfony.conf /etc/nginx/conf.d/,2
ADD,symfony.ini /etc/php7/conf.d/,2
ADD,symfony.ini /etc/php7/cli/conf.d/,2
ADD,xdebug.ini  /etc/php7/conf.d/,4
ADD,symfony.pool.conf /etc/php7/php-fpm.d/,2
ADD,symfony.ini /etc/php7/php-fpm.d/,2
ADD,symfony.ini /etc/php5/fpm/conf.d/,1
ADD,symfony.ini /etc/php5/cli/conf.d/,1
ADD,symfony.pool.conf /etc/php5/fpm.d/,4
ADD,symfony.pool.conf /etc/php5/fpm/pool.d/,3
ADD,symfony.conf /etc/nginx/sites-available/,1
ADD,docker-entrypoint.sh /usr/bin/,1
ADD,libssh-0.5.0.tar.gz /root,1
ADD,server.patch /root,1
ADD,cve-2018-10933.patch /root,1
ADD,libSSH-Authentication-Bypass /root,2
ADD,libssh-0.8.3.tar.xz /root,1
ADD,crontab /etc/cron.d/magento2-cron,1
ADD,https://api.github.com/repos/ShivamShrirao/diffusers/git/refs/heads/main /version.json,2
ADD,install-php.sh /usr/sbin/install-php.sh,4
ADD,install-node.sh /usr/sbin/install-node.sh,3
ADD,./install.sh /,2
ADD,system-config.properties /tmp,1
ADD,entrypoint.sh /usr/bin,1
ADD,files/start.sh /conf-copy/start.sh,1
ADD,files/aria2.conf /conf-copy/aria2.conf,1
ADD,files/on-complete.sh /conf-copy/on-complete.sh,1
ADD,files/aria2.conf /conf/aria2.conf,2
ADD,files/supervisord.conf /etc/supervisord.conf,2
ADD,./src/ /var/www/html/,1
ADD,bin /usr/bin,2
ADD,etc /etc,2
ADD,autostart /etc/xdg/autostart,5
ADD,pulse /usr/lib/pulse-10.0/modules/,2
ADD,xrdp /tmp/xrdp-${XRDP_VER}/,2
ADD,xorgxrdp /tmp/xorgxrdp-${XORGXRDP_VER}/,2
ADD,at-spi2 /usr/share/defaults/at-spi2/,1
ADD,$version.package.json ./package.json,13
ADD,$version.package.json package.json,1
ADD,settings.json /home/theia/.theia/,4
ADD,ssl_theia.sh /home/theia/ssl/,1
ADD,sudoers /etc/sudoers,1
ADD,install_node.sh /root/install_node.sh,1
ADD,nvm_setup.sh /root/nvm_setup.sh,1
ADD,next.package.json $THEIA_RUST_APP_PATH/package.json,1
ADD,run.sh /root/run.sh,1
ADD,bashrc /root/bashrc,1
ADD,index.html .,1
ADD,.vimrc /root/,3
ADD,cyberchef.html /root/,3
ADD,.cheat/ /root/.cheat/,5
ADD,wordlists /usr/share/,3
ADD,README.md /root/,3
ADD,Dockerfile /root/,3
ADD,bin/* /usr/local/bin/,1
ADD,bin/gathering /usr/local/bin/gathering,6
ADD,bin/crawler.py /usr/local/bin/crawler.py,6
ADD,bin/empty /usr/local/bin/empty,2
ADD,.cheat/ /root/,2
ADD,./apache.conf /etc/apache2/sites-enabled/000-default.conf,1
ADD,./users.password /usr/local/apache/var/users.password,1
ADD,./escripts/*.sh /escripts/,6
ADD,./escripts/kdc*.sh /escripts/,4
ADD,./escripts/service*.sh /escripts/,4
ADD,./escripts/apache2.conf /escripts/apache2.conf,1
ADD,proftpd.pem /etc/proftpd/proftpd.pem,1
ADD,pure-ftpd.pem /etc/ssl/private/pure-ftpd.pem,1
ADD,service_account service_account,1
ADD,./index.jsp /usr/local/tomcat/webapps/ROOT/index.jsp,1
ADD,./context.xml /usr/local/tomcat/conf/context.xml,1
ADD,./groovy-2.3.9.jar /usr/local/tomcat/lib/groovy-2.3.9.jar,1
ADD,./groovy.session /usr/local/tomcat/groovy.session,1
ADD,images /opt/app-root/htdocs/images,1
ADD,*.adoc /opt/app-root/htdocs/,1
ADD,images /opt/app-root/src/,2
ADD,*.adoc /opt/app-root/src/,2
ADD,manjaro.tar /,1
ADD,qat.tar.gz /opt/dist/,22
ADD,qat.tar.gz /home/build/,4
ADD,https://github.com/spf13/hugo/releases/download/v${HUGO_VERSION}/hugo_${HUGO_VERSION}-64bit.deb /tmp/hugo.deb,2
ADD,package.json package-lock.json /,1
ADD,https://github.com/itzg/rcon-cli/releases/download/${RCON_CLI_VER}/rcon-cli_${RCON_CLI_VER}_linux_${TARGETARCH}.tar.gz /tmp/rcon-cli.tgz,3
ADD,https://github.com/itzg/rcon-cli/releases/download/${RCON_CLI_VER}/rcon-cli_${RCON_CLI_VER}_linux_amd64.tar.gz /tmp/rcon-cli.tgz,4
ADD,${PAPERSPIGOT_CI_URL} paperclip.jar,2
ADD,server.properties /opt/minecraft/server.properties,4
ADD,${PAPERSPIGOT_CI_URL} /opt/minecraft/server/paperclip.jar,2
ADD,server.properties /opt/minecraft/server/server.properties,4
ADD,https://github.com/itzg/rcon-cli/releases/download/${RCON_CLI_VER}/rcon-cli_${RCON_CLI_VER}_linux_${ARCH}.tar.gz /tmp/rcon-cli.tgz,2
ADD,dockerfiles/start.sh /opt/minecraft/server/start.sh,4
ADD,dockerfiles/server.properties /opt/minecraft/server/server.properties,2
ADD,start.sh /opt/minecraft/server/start.sh,2
ADD,restart.sh /opt/minecraft/server/restart.sh,2
ADD,inventory inventory,2
ADD,http://releases.ansible.com/ansible-tower/setup/ansible-tower-setup-${ANSIBLE_TOWER_VER}.tar.gz ansible-tower-setup-${ANSIBLE_TOWER_VER}.tar.gz,1
ADD,http://releases.ansible.com/awx/setup/ansible-tower-setup-${ANSIBLE_TOWER_VER}.tar.gz ansible-tower-setup-${ANSIBLE_TOWER_VER}.tar.gz,2
ADD,tower_setup_conf.yml tower_setup_conf.yml,4
ADD,http://releases.ansible.com/awx/setup/ansible-tower-setup-${ANSIBLE_TOWER_VER}.tar.gz /opt/ansible-tower-setup-${ANSIBLE_TOWER_VER}.tar.gz,2
ADD,tower_setup_conf.yml /opt/tower-setup/tower_setup_conf.yml,2
ADD,inventory /opt/tower-setup/inventory,2
ADD,license /etc/tower/license,2
ADD,licence /etc/tower/license,2
ADD,http://dl.google.com/android/repository/tools_r${VERSION_SDK_TOOLS}-linux.zip /tools.zip,6
ADD,http://dl.google.com/android/android-sdk_r${SDK_VERSION}-linux.tgz /sdk.tgz,7
ADD,http://dl.google.com/android/android-sdk_r${VERSION_SDK_TOOLS}-linux.tgz /sdk.tgz,2
ADD,--chown=grafana:root https://raw.githubusercontent.com/domainaware/parsedmarc/master/grafana/Grafana-DMARC_Reports.json /var/lib/grafana/dashboards/,3
ADD,--chown=grafana:grafana https://raw.githubusercontent.com/domainaware/parsedmarc/master/grafana/Grafana-DMARC_Reports.json /var/lib/grafana/dashboards/,4
ADD,apache2_2.4.49-4_amd64.deb apache2-bin_2.4.49-4_amd64.deb apache2-data_2.4.49-4_all.deb apache2-utils_2.4.49-4_amd64.deb /,1
ADD,https://github.com/just-containers/s6-overlay/releases/download/${VERSION_S6OVERLAY}/s6-overlay-${ARCH_S6OVERLAY}.tar.gz /tmp/s6-overlay.tar.gz,4
ADD,https://github.com/kelseyhightower/confd/releases/download/v0.11.0/confd-0.11.0-linux-amd64 /usr/local/bin/confd,1
ADD,https://github.com/termux/termux-packages/releases/download/bootstrap-$BOOTSTRAP_VERSION/bootstrap-$BOOTSTRAP_ARCH.zip /bootstrap.zip,1
ADD,https://github.com/termux/termux-packages/releases/download/bootstrap-$BOOTSTRAP_VERSION/bootstrap-$BOOTSTRAP_ARCH.zip /data/data/com.termux/files/bootstrap.zip,2
ADD,https://github.com/termux/termux-packages/releases/download/bootstrap-2021.02.11-r1/bootstrap-i686.zip /data/data/com.termux/files/bootstrap.zip,1
ADD,./qemu-arm-static /usr/bin,2
ADD,run.sh /root/,3
ADD,leanote-linux-amd64-v2.5.bin.tar.gz /root/leanote,1
ADD,vlmcsdmulti-x64-musl-static /usr/local/bin/,2
ADD,baselayout.tar /,10
ADD,configs /,4
ADD,base.tar /,4
ADD,https://github.com/krallin/tini/releases/download/${TINI_VERSION}/tini /usr/bin/tini,2
ADD,config.xml /usr/share/doc/fahclient/sample-config.xml,3
ADD,config.xml /etc/fahclient/config.xml,1
ADD,https://repo1.maven.org/maven2/com/opentable/wiremock-body-transformer/1.1.3/wiremock-body-transformer-1.1.3.jar /var/wiremock/extensions/,1
ADD,agent /agent,4
ADD,agent/static /agent/static,2
ADD,agentd       /agent/agentd,2
ADD,agent     /agent,2
ADD,dnsmasq.conf /app/dnsmasq.conf,2
ADD,agent/static/ /app/static/,2
ADD,agentd /app/agentd,2
ADD,ServiceMonitor.exe /,4
ADD,bin/docker-entrypoint.sh /opt/davinci/bin/docker-entrypoint.sh,1
ADD,bin/start.sh /opt/davinci/bin/start.sh,4
ADD,config/application.yml /opt/davinci/config/application.yml,4
ADD,phantomjs-2.1.1 /opt/phantomjs-2.1.1,4
ADD,start-container /usr/bin/start-container,1
ADD,start-container.sh /usr/bin/start-container,2
ADD,php-fpm.conf /etc/php/7.2/fpm/php-fpm.conf,1
ADD,https://s3-eu-west-1.amazonaws.com/softwaremill-public/elasticmq-server-1.3.9.jar /,1
ADD,https://s3-eu-west-1.amazonaws.com/softwaremill-public/elasticmq-server-0.14.7.jar /,2
ADD,https://s3-eu-west-1.amazonaws.com/softwaremill-public/elasticmq-server-0.14.6.jar /,2
ADD,https://s3-eu-west-1.amazonaws.com/softwaremill-public/elasticmq-server-0.14.4.jar /,2
ADD,https://s3-eu-west-1.amazonaws.com/softwaremill-public/elasticmq-server-0.13.8.jar /,2
ADD,https://s3-eu-west-1.amazonaws.com/softwaremill-public/elasticmq-server-0.13.1.jar /,2
ADD,https://s3-eu-west-1.amazonaws.com/softwaremill-public/elasticmq-server-0.12.0.jar /,2
ADD,https://s3-eu-west-1.amazonaws.com/softwaremill-public/elasticmq-server-0.9.3.jar /,2
ADD,https://s3-eu-west-1.amazonaws.com/softwaremill-public/elasticmq-server-0.8.8.jar /,2
ADD,./site.ini /usr/local/etc/php/conf.d,1
ADD,./site.pool.conf /usr/local/etc/php-fpm.d/,1
ADD,plugins /usr/share/elasticsearch/plugins,2
ADD,config /usr/share/elasticsearch/config,1
ADD,plugins/ik/elasticsearch-analysis-ik-1.9.5.zip /tmp/,2
ADD,https://github.com/medcl/elasticsearch-analysis-ik/archive/v1.9.4.tar.gz /tmp/elasticsearch-analysis-ik.tar.gz,2
ADD,root /,55
ADD,root/app/package.json /app/package.json,8
ADD,https://dl.bintray.com/mitchellh/consul/${CONSUL_VERSION}_web_ui.zip /tmp/consul_web_ui.zip,4
ADD,root/app/package.json /tmp/package.json,6
ADD,https://github.com/rabbitmq/rabbitmq-server/releases/download/rabbitmq_v3_5_4/rabbitmq-server-generic-unix-3.5.4.tar.gz /tmp/rabbitmq-server.tar.gz,4
ADD,/root /,7
ADD,https://releases.hashicorp.com/consul-template/${CONSUL_TEMPLATE_VERSION}/consul-template_${CONSUL_TEMPLATE_VERSION}_linux_amd64.zip /tmp/consul-template.zip,6
ADD,https://github.com/just-containers/s6-overlay/releases/download/${S6_OVERLAY_VERSION}/s6-overlay-amd64.tar.gz /tmp/s6-overlay.tar.gz,4
ADD,https://github.com/just-containers/s6-overlay/releases/download/${S6_OVERLAY_VERSION}/s6-overlay-portable-amd64.tar.gz /tmp/s6-overlay.tar.gz,2
ADD,./etc /usr/src/etc,1
ADD,./etc/nginx /etc/nginx,2
ADD,/nginx-1.10.0 /downloads/nginx-1.10.0,2
ADD,/php-7.0.6 /downloads/php-7.0.6,2
ADD,/mysql-5.7.12 /downloads/mysql-5.7.12,2
ADD,/etc /etc,2
ADD,/nginx /etc/init.d/nginx,2
ADD,/start.sh /start.sh,2
ADD,https://github.com/YMFE/yapi/archive/refs/tags/v${YAPI_VERSION}.tar.gz /yapi-src,1
ADD,$MYCAT_URL /usr/local,1
ADD,sudoers /etc/sudoers.d/nopasswd,3
ADD,cargo-config.toml /home/rust/.cargo/config,2
ADD,git-credential-ghtoken /usr/local/bin/ghtoken,5
ADD,cargo-config.toml /opt/rust/cargo/config,1
ADD,--chown=rust:rust . ./,7
ADD,git-credential-ghtoken /usr/local/bin,4
ADD,. ./,9
ADD,.docker_build/go-getting-started /opt/bin/go-getting-started,2
ADD,./templates /opt/templates,2
ADD,./static /opt/static,2
ADD,https://www.haproxy.org/download/$VERSION_SHORT/src/haproxy-$VERSION.tar.gz /tmp/haproxy.tar.gz,1
ADD,swift/resources/ld_library_path.patch /ld_library_path.patch,2
ADD,protoc-wrapper /usr/bin/protoc-wrapper,6
ADD,./foreground.sh /etc/apache2/foreground.sh,1
ADD,./supervisord.conf /etc/supervisord.conf,5
ADD,./default.conf /etc/nginx/conf.d/default.conf,2
ADD,mosquitto.tar.gz /,2
ADD,mosquitto.conf /etc/mosquitto/mosquitto.conf,3
ADD,Gemfile* /app/,1
ADD,https://download.jetbrains.com/idea/ideaIC-2018.3.4-no-jdk.tar.gz  idea.tar.gz,1
ADD,${ECLIPSE_DOWNLOAD_URL} /opt/eclipse.tar.gz,1
ADD,${ECLIPSE_DOWNLOAD_URL} /opt/${ECLIPSE_TARBALL},2
ADD,eclipse.ini /opt/eclipse/eclipse.ini,2
ADD,$SWIFT_URL$SWIFT_SNAPSHOT /usr/local/,1
ADD,$SWIFT_URL$SWIFT_SIG /usr/local/,1
ADD,https://github.com/krallin/tini/releases/download/${TINI_VERSION}/tini /tini,1
ADD,muttrc $HOME/.muttrc,2
ADD,vimrc $HOME/.vimrc,2
ADD,true-asm /true,2
ADD,rtorrent.rc /.rtorrent.rc,2
ADD,muttrc /.muttrc,2
ADD,true /,2
ADD,php-version-packages/${PHP_VERSION}.txt /tmp/php-packages.txt,1
ADD,./supervisord.conf /etc/supervisor/conf.d/,8
ADD,supervisord.conf /etc/supervisor/conf.d/,1
