WORKDIR,${STEAMAPPDIR},1
WORKDIR,$STEAMAPPDIR,4
WORKDIR,/home/openwrt,3
WORKDIR,/go/src/github.com/cloudflare/cloudflared/,3
WORKDIR,/,370
WORKDIR,/go/src/github.com/infracloudio/botkube/,1
WORKDIR,/go/src/github.com/thanos-io/thanos,1
WORKDIR,/go/src/sigs.k8s.io/descheduler,1
WORKDIR,/go/src/github.com/thomseddon/traefik-forward-auth,1
WORKDIR,/go/src/github.com/vmware-tanzu/velero-plugin-for-csi,1
WORKDIR,/plugins,3
WORKDIR,/app,283
WORKDIR,/go/src/github.com/weaveworks/flagger,1
WORKDIR,/go/src/github.com/aquasecurity/kube-bench/,1
WORKDIR,/opt/kube-bench/,1
WORKDIR,/plugin,4
WORKDIR,/go/src/github.com/vmware-tanzu/velero-plugin-for-gcp,1
WORKDIR,/tmp,197
WORKDIR,/home/kubeyaml,1
WORKDIR,/go/src/github.com/weaveworks/kured,1
WORKDIR,/go/src/github.com/vmware-tanzu/velero-plugin-for-aws,1
WORKDIR,/go/src/github.com/mozilla/sops,1
WORKDIR,/usr/src/app,54
WORKDIR,/home/build-user,56
WORKDIR,/data,158
WORKDIR,/home/dokku/,1
WORKDIR,$LARAVEL_PATH,3
WORKDIR,/home/$systemUser/$benchFolderName,2
WORKDIR,/home/$systemUser/$benchName,2
WORKDIR,/home/$systemUser,1
WORKDIR,/opt,38
WORKDIR,/opt/,12
WORKDIR,/home/patchwork,6
WORKDIR,/data/,161
WORKDIR,/home/biodocker/bin/,1
WORKDIR,/geneocr-api/app,1
WORKDIR,/usr/local/app,3
WORKDIR,/usr/local/app/viv,3
WORKDIR,/home/ubuntu,6
WORKDIR,/imputeme/programs,7
WORKDIR,/imputeme/programs/ALL_1000G_phase1integrated_v3_impute,1
WORKDIR,/home/ubuntu/programs,14
WORKDIR,/home/ubuntu/programs/ALL_1000G_phase1integrated_v3_impute,2
WORKDIR,/cellpose,1
WORKDIR,/root,112
WORKDIR,/usr/local/,9
WORKDIR,/usr/local/tpp/conf/,1
WORKDIR,/tmp/IFB-playbook-coregenebuilder/coregenebuilder,3
WORKDIR,/root/mydisk,3
WORKDIR,$CLIENT_PATH,5
WORKDIR,/share,3
WORKDIR,/home/biodocker/guidance/www/Guidance,5
WORKDIR,/home/if,3
WORKDIR,/opt/interproscan,3
WORKDIR,/home/biodocker/jbrowse,3
WORKDIR,${DIR},3
WORKDIR,${DIR}/${SOURCE},3
WORKDIR,${DIR}/${SOURCE}/${BUILD},3
WORKDIR,/PhyloCSF,3
WORKDIR,/home/biodocker/bin,5
WORKDIR,/home/biodocker/bin/progressiveCactus,3
WORKDIR,/home/biodocker/,9
WORKDIR,/home/biodocker/contrib-build/,3
WORKDIR,/home/biodocker/OpenMS/,3
WORKDIR,/home/biodocker/openms-build/,3
WORKDIR,C:\\git,5
WORKDIR,$ES_HOME,1
WORKDIR,${GOPATH},2
WORKDIR,C:/kibana,1
WORKDIR,C:\\gnatsd,5
WORKDIR,${RABBITMQ_HOME},2
WORKDIR,${GOGS_PATH},1
WORKDIR,C:\\gopath\\src\\github.com\\docker,2
WORKDIR,C:\\registry,2
WORKDIR,/src/whoami,2
WORKDIR,/reference-data-api,2
WORKDIR,${TERRAFORM_ROOT},1
WORKDIR,C:\\terraform,2
WORKDIR,$KUBE_HOME,1
WORKDIR,C:\\docker,3
WORKDIR,C:\\init,3
WORKDIR,/src,49
WORKDIR,c:/setup,2
WORKDIR,c:/gnatsd,1
WORKDIR,C:\\scripts,1
WORKDIR,"C:\\Program Files (x86)\\Microsoft SDKs\\Azure\\AzCopy",1
WORKDIR,c:/,1
WORKDIR,c:/real-directory,1
WORKDIR,c:/Apache24/bin,1
WORKDIR,/setup,1
WORKDIR,c:/github/golang,1
WORKDIR,c:/github/golang/go/src,1
WORKDIR,C:/github/golang/go/bin,1
WORKDIR,c:/openssl,1
WORKDIR,/go/src/github.com/cloudflare/cloudflared,1
WORKDIR,/home/nonroot/workdir,6
WORKDIR,/srv/jekyll,1
WORKDIR,/srv/jekyll/de4js,1
WORKDIR,/home/nonroot/.viper,1
WORKDIR,/home/nonroot/.viper/modules,2
WORKDIR,/home/nonroot,9
WORKDIR,/home/nonroot/viper,6
WORKDIR,/home/nonroot/files,1
WORKDIR,/usr/local/src,20
WORKDIR,/home/retdec,1
WORKDIR,/home,268
WORKDIR,/home/thug,4
WORKDIR,/home/thug/src,2
WORKDIR,/home/nonroot/jsdetox,2
WORKDIR,/home/gitpod,1
WORKDIR,$HOME,33
WORKDIR,"/app",6
WORKDIR,/var/www/public,42
WORKDIR,/var/www,46
WORKDIR,/sallamasyon,1
WORKDIR,/usr/src/uygulama,1
WORKDIR,/uygulama,1
WORKDIR,/myapp,2
WORKDIR,/wordpress-uygulamasi,1
WORKDIR,/usr/share/nginx/html,7
WORKDIR,/ilkuygulama,1
WORKDIR,/ctbtemp,1
WORKDIR,/ctbtemp/cesium-terrain-builder,1
WORKDIR,/home/theprimeagen,1
WORKDIR,/usr/local/bin,4
WORKDIR,/execution,1
WORKDIR,/LinkFinder,2
WORKDIR,/EyeWitness/Python/setup,1
WORKDIR,/EyeWitness/setup,2
WORKDIR,/aiodnsbrute,2
WORKDIR,/Sublist3r,2
WORKDIR,/source,15
WORKDIR,/Corsy,1
WORKDIR,/ParamSpider,1
WORKDIR,/gmapsapiscanner,1
WORKDIR,/crosslinked,1
WORKDIR,/CeWL,1
WORKDIR,/Photon,1
WORKDIR,/Arjun,1
WORKDIR,/WhatWaf,1
WORKDIR,/relative-url-extractor,1
WORKDIR,/sqlmap,2
WORKDIR,JohnTheRipper/src,1
WORKDIR,/root/JohnTheRipper/run,1
WORKDIR,/Osmedeus,1
WORKDIR,/script,2
WORKDIR,/go/src/github.com/OWASP/Amass,1
WORKDIR,/output/,1
WORKDIR,/knock,1
WORKDIR,/masscan,1
WORKDIR,/root/data,1
WORKDIR,/parameth,1
WORKDIR,/sherlock,1
WORKDIR,/theHarvester,1
WORKDIR,/wpscan,2
WORKDIR,"c:\\inetpub\\wwwroot",7
WORKDIR,/inetpub/wwwroot,8
WORKDIR,/inetpub/wwwroot/App_Code,6
WORKDIR,/app/dotnetapp,10
WORKDIR,/app/tests,8
WORKDIR,/app/aspnetapp,3
WORKDIR,/app/aspnetmvcapp,1
WORKDIR,/workspace,6
WORKDIR,${APP_DIR},9
WORKDIR,/zalando-incubator,1
WORKDIR,/zalando-incubator/kube-metrics-adapter,1
WORKDIR,/var/regex,1
WORKDIR,/tmp/texlive,1
WORKDIR,/tmp/workdir,58
WORKDIR,/gst-build,3
WORKDIR,/tmp/libmicrohttpd,1
WORKDIR,/tmp/,30
WORKDIR,/usr/config,1
WORKDIR,/sample,3
WORKDIR,/code,13
WORKDIR,/home/arch,2
WORKDIR,/home/arch/dock-droid,3
WORKDIR,/root/.ssh,2
WORKDIR,/etc/ssh,1
WORKDIR,/databricks,3
WORKDIR,/julia_root,1
WORKDIR,"${LOUNGE_SRC}",4
WORKDIR,${LOUNGE_SRC},1
WORKDIR,C:\\gopath\\src\\github.com\\docker\\cli,1
WORKDIR,C:\\Users\\ContainerAdministrator\\go\\src\\github.com\\docker\\cli,2
WORKDIR,/node-deps,50
WORKDIR,[ "/app" ],4
WORKDIR,"/data/photoprism",3
WORKDIR,"/data/photprism",4
WORKDIR,"/data",5
WORKDIR,/home/wger/src,6
WORKDIR,/config/addons_config/guacamole,1
WORKDIR,/data/recipes,11
WORKDIR,$FIREFLY_III_PATH,3
WORKDIR,[ "/" ],2
WORKDIR,$WEBTREES_HOME,5
WORKDIR,/var/ts3server/,2
WORKDIR,/usr/src,107
WORKDIR,/ProjectCloudreve,1
WORKDIR,/cloudreve,1
WORKDIR,/tmp/conda,1
WORKDIR,/opt/pytorch,5
WORKDIR,/opt/vision,5
WORKDIR,/opt/text,4
WORKDIR,/opt/audio,4
WORKDIR,${PIP_CACHE_DIR},2
WORKDIR,/opt/_pytorch,4
WORKDIR,/opt/_vision,4
WORKDIR,/opt/_text,4
WORKDIR,/opt/_audio,4
WORKDIR,/opt/ccache,1
WORKDIR,$HOME/.zsh,2
WORKDIR,${PIP_DOWNLOAD_CACHE},2
WORKDIR,/opt/conda/pkgs,2
WORKDIR,${PROJECT_ROOT},1
WORKDIR,$PROJECT_ROOT,4
WORKDIR,/tmp/nonebot-plugin-pixivbot-onebot-v11,4
WORKDIR,/tmp/nonebot-plugin-pixivbot-kook,4
WORKDIR,/tmp/nonebot-plugin-pixivbot-telegram,4
WORKDIR,/tmp/nonebot-plugin-pixivbot,2
WORKDIR,/var/www/MISP/app/files/scripts,1
WORKDIR,/var/www/MISP/app/files/scripts/mixbox,2
WORKDIR,/var/www/MISP/app/files/scripts/python-cybox,1
WORKDIR,/var/www/MISP/app/files/scripts/python-stix,1
WORKDIR,/var/www/MISP/app/files/scripts/python-maec,2
WORKDIR,/var/www/MISP/cti-python-stix2,2
WORKDIR,/var/www/MISP/PyMISP,4
WORKDIR,/var/www/MISP/app/files/scripts/,2
WORKDIR,/var/www/MISP,3
WORKDIR,/etc/logrotate.d,1
WORKDIR,/usr/local/src/misp-modules,1
WORKDIR,/build/pyinstallerbootloader,1
WORKDIR,/build/dockercompose,1
WORKDIR,/home/build/android,1
WORKDIR,/home/cmbuild/android,5
WORKDIR,/home/print,2
WORKDIR,/home/user,3
WORKDIR,/home/office,2
WORKDIR,/home/java,1
WORKDIR,${LIBRENMS_PATH},2
WORKDIR,/var/www/app,3
WORKDIR,/var/www/app/public,1
WORKDIR,/app/bundle,3
WORKDIR,/temp,15
WORKDIR,/tools/cracking,10
WORKDIR,/tools/bruteForce/crowbar,1
WORKDIR,/temp/netcat,1
WORKDIR,/temp/plink,1
WORKDIR,/tools/recon/wafw00f,4
WORKDIR,/temp/jaeles,1
WORKDIR,/tools/portScanning/naabu,1
WORKDIR,/temp/httpx,1
WORKDIR,/temp/dalfox,1
WORKDIR,/temp/Photon,1
WORKDIR,/temp/CMSeeK,1
WORKDIR,/temp/gau,1
WORKDIR,/temp/subjs,1
WORKDIR,/tools/recon/knock,3
WORKDIR,/tools/recon,8
WORKDIR,/tools/recon/LinkFinder,3
WORKDIR,/tools/recon/spiderfoot,1
WORKDIR,/temp/findomain,1
WORKDIR,/temp/subfinder,1
WORKDIR,/tools/crawler,2
WORKDIR,/temp/gowitness,1
WORKDIR,/temp/,3
WORKDIR,/tools,32
WORKDIR,/tools/portScanning,1
WORKDIR,/tools/wordlist,1
WORKDIR,/tools/enum,10
WORKDIR,/tools/enum/linux-smart-enumeration,2
WORKDIR,/tools/enum/LinEnum,2
WORKDIR,/tools/enum/htbenum,2
WORKDIR,/tools/cracking/john/src,3
WORKDIR,/temp/htbenum,1
WORKDIR,/temp/linux-smart-enumeration,1
WORKDIR,/temp/LinEnum,1
WORKDIR,/tools/CrackMapExec,2
WORKDIR,/temp/peass,1
WORKDIR,/tools/PEASS,2
WORKDIR,/tools/metasploit,2
WORKDIR,/temp/pspy,1
WORKDIR,/tools/pspy,2
WORKDIR,/tools/osEnumeration,1
WORKDIR,/tools/osEnumeration/wesng,1
WORKDIR,/tools/exploits,7
WORKDIR,/tools/exploits/wesng,2
WORKDIR,/tools/otherResources,1
WORKDIR,/tools/Passive\\ Information,2
WORKDIR,/tools/scripts,2
WORKDIR,/tools/dict,2
WORKDIR,/tools/impacket,2
WORKDIR,/tools/ldapdomaindump,2
WORKDIR,/tools/exploits/Windows-Exploit-Suggester,2
WORKDIR,$SPARK_HOME,1
WORKDIR,/source/complexapp,3
WORKDIR,/opt/chisel,3
WORKDIR,/source/aspnetapp,2
WORKDIR,/source/tests,1
WORKDIR,/app/,5
WORKDIR,"${NEO4J_HOME}",7
WORKDIR,/usr/src/app/react,7
WORKDIR,/etc/supervisor/conf.d/,13
WORKDIR,/home/laradock/ICEcoder,1
WORKDIR,/var/www/,24
WORKDIR,/var/www/public/,6
WORKDIR,/etc/supervisor/conf.d/supervisord.conf,2
WORKDIR,/var/www/laravel/public,4
WORKDIR,/var/www/laravel,4
WORKDIR,/usr/src/perl,26
WORKDIR,libevent-${libevent_version},2
WORKDIR,netatalk-code,2
WORKDIR,/kurento-asan,1
WORKDIR,/skywalking,1
WORKDIR,$TMPDIR,1
WORKDIR,skywalking,4
WORKDIR,/var/www/wp-content,1
WORKDIR,/var/www/plugins.local,1
WORKDIR,/var/temp,2
WORKDIR,/var/www/themes.local,1
WORKDIR,/build,17
WORKDIR,/usr/local/src/nginx,2
WORKDIR,/dist/xmlrpc-c,2
WORKDIR,/dist/libsigc,2
WORKDIR,/dist/c-ares,2
WORKDIR,/dist/curl,2
WORKDIR,/dist/libtorrent,2
WORKDIR,/dist/rtorrent,2
WORKDIR,/dist/mktorrent,2
WORKDIR,/dist/rutorrent,2
WORKDIR,/dist/geoip2-rutorrent,2
WORKDIR,/dist/mmdb,3
WORKDIR,/dist/geoip-ext,2
WORKDIR,/dist/nginx,2
WORKDIR,/usr/local/src/libsig,1
WORKDIR,/tmp/libsigc,2
WORKDIR,/usr/local/src/cares,1
WORKDIR,/tmp/c-ares,2
WORKDIR,/usr/local/src/curl,1
WORKDIR,/tmp/curl,2
WORKDIR,/usr/local/src/xmlrpc,1
WORKDIR,/tmp/xmlrpc-c,2
WORKDIR,/usr/local/src/libtorrent,1
WORKDIR,/tmp/libtorrent,2
WORKDIR,/usr/local/src/rtorrent,1
WORKDIR,/tmp/rtorrent,2
WORKDIR,/usr/local/src/mktorrent,1
WORKDIR,/tmp/mktorrent,2
WORKDIR,/tmp/nginx,4
WORKDIR,/usr/local/src/geoip2-phpext,1
WORKDIR,/tmp/geoip-ext,2
WORKDIR,/var/lib/couchdb,8
WORKDIR,/usr/src/couchdb,4
WORKDIR,/opt/couchdb,8
WORKDIR,/home/node-dev,1
WORKDIR,/home/node-dev/node,1
WORKDIR,/usr/src/flowgger,1
WORKDIR,/opt/flowgger,1
WORKDIR,$DIR,1
WORKDIR,$REFINE_DATA_DIR,1
WORKDIR,/etc/dnscrypt-proxy,1
WORKDIR,$BB_DIR,1
WORKDIR,$BB_SOURCE,2
WORKDIR,/opt/app,14
WORKDIR,/opt/nms,1
WORKDIR,/home/aria2,2
WORKDIR,/opt/demucs,1
WORKDIR,${COWRIE_HOME}/cowrie-git,1
WORKDIR,/home/cowrie,2
WORKDIR,/go/bin,2
WORKDIR,/opt/rehook,1
WORKDIR,/opt/datax,1
WORKDIR,/opt/cronicle,1
WORKDIR,/opt/ndscheduler,1
WORKDIR,/opt/cmak,1
WORKDIR,/etc/dsvpn,1
WORKDIR,${TWEMPROXY_HOME},1
WORKDIR,/etc/jsonwire-grid,1
WORKDIR,${ELASTALERT_HOME},1
WORKDIR,${AIRFLOW_HOME},1
WORKDIR,/hydra,8
WORKDIR,/usr/local/src/mtproxy,3
WORKDIR,/etc/mtproxy,3
WORKDIR,/opt/statsd,3
WORKDIR,/root/.node-red,2
WORKDIR,/etc/webhook,1
WORKDIR,/scripts,2
WORKDIR,/opt/freegeoip,1
WORKDIR,/var/log,2
WORKDIR,/home/superset,9
WORKDIR,/opt/kafka-manager,1
WORKDIR,${NIFI_HOME},1
WORKDIR,/var/www/html,83
WORKDIR,/opt/crystal,1
WORKDIR,/opt/frp,1
WORKDIR,$APP_HOME,1
WORKDIR,/work,2
WORKDIR,$DISTRO_NAME,1
WORKDIR,/etc/ocserv,1
WORKDIR,$LUIGI_HOME_DIR,1
WORKDIR,/etc/glances,2
WORKDIR,/glances,4
WORKDIR,/etc/cmus,2
WORKDIR,/root/.cmus,4
WORKDIR,/opt/hcfg,2
WORKDIR,/opt/graphite,1
WORKDIR,/home/errbot,2
WORKDIR,/var/lib/redis/,1
WORKDIR,/etc/murmur,2
WORKDIR,/opt/elasticsearch,1
WORKDIR,/opt/shoutcast,2
WORKDIR,/etc/openvpn,4
WORKDIR,/srv/mediagoblin.example.org/mediagoblin,1
WORKDIR,$NIFI_HOME,1
WORKDIR,/opt/red5,2
WORKDIR,/etc/tinc/$NETNAME,2
WORKDIR,$GRAFANA_HOME,2
WORKDIR,$JENKINS_HOME,1
WORKDIR,/app/slyd,1
WORKDIR,/var/lib/ftp,1
WORKDIR,/var/spool/nullmailer/queue,1
WORKDIR,$NGROK_DIR,1
WORKDIR,/www,3
WORKDIR,/var/lib/tor,1
WORKDIR,/home/tor,2
WORKDIR,/home/hubot,1
WORKDIR,/srv/salt,1
WORKDIR,/root/.urlwatch,1
WORKDIR,/opt/bro/logs,1
WORKDIR,/ShadowVPN,2
WORKDIR,/tmp/pkgs/,4
WORKDIR,/workdir/objective-c-hello-world,1
WORKDIR,/workdir,4
WORKDIR,/opt/buck,1
WORKDIR,/home/yoctouser,9
WORKDIR,/home/$USER/hlserver,1
WORKDIR,/usr/local/etc/php-fpm.d,2
WORKDIR,/understand_linux_process,1
WORKDIR,$ROS2_WS,19
WORKDIR,/opt/ros,1
WORKDIR,$GZWEB_WS,35
WORKDIR,$ROS2_INSTALL,4
WORKDIR,$CATKIN_WS/src,1
WORKDIR,$CATKIN_WS,1
WORKDIR,/tmp/docker_images,3
WORKDIR,/config,4
WORKDIR,/go/src/app,1
WORKDIR,/usr/lib/unifi,2
WORKDIR,/home/gollum/wiki,1
WORKDIR,/home/$GOLLUM_USER/wiki,2
WORKDIR,/stdiscosrv,1
WORKDIR,/discosrv,2
WORKDIR,"/var/www/bitrix",8
WORKDIR,/tmp/opencv,1
WORKDIR,/tmp/opencv/opencv-3.4.1/build,1
WORKDIR,/root/torch,27
WORKDIR,/root/digits,7
WORKDIR,/root/brainstorm,5
WORKDIR,/root/caffe,6
WORKDIR,/root/keras,5
WORKDIR,/root/mxnet,7
WORKDIR,/root/neon,4
WORKDIR,/root/pylearn2,5
WORKDIR,/root/FGMachine,1
WORKDIR,/root/Spearmint/spearmint,1
WORKDIR,/root/FGLab,1
WORKDIR,/home/${username},1
WORKDIR,/home/re,2
WORKDIR,/go/src/websocket,1
WORKDIR,/root/,22
WORKDIR,/dist/matomo,1
WORKDIR,"/var/www",1
WORKDIR,/terraria-server,1
WORKDIR,/opt/php,2
WORKDIR,/var/www/html/,6
WORKDIR,/home/build/openwrt/,2
WORKDIR,/home/build/sdk,1
WORKDIR,/home/app/unms,1
WORKDIR,/usr/local/lib/lua,2
WORKDIR,/go/src/github.com/quay/clair,1
WORKDIR,/usr/src/openbmc,1
WORKDIR,/go/src/github.com/containrrr/watchtower,1
WORKDIR,/go/src/github.com/v2tec/watchtower,2
WORKDIR,/etc/cfssl,1
WORKDIR,/go/src/github.com/hashicorp/nomad,1
WORKDIR,/go/src/github.com/hashicorp/packer,1
WORKDIR,/usr/src/its,1
WORKDIR,/go/src/github.com/coredns/coredns,1
WORKDIR,/go/src/github.com/zyedidia/micro,1
WORKDIR,/go/src/github.com/dutchcoders/transfer.sh,1
WORKDIR,/usr/src/bcc,2
WORKDIR,/go/src/github.com/kolide/fleet,1
WORKDIR,${HOME},11
WORKDIR,/home/browsh,3
WORKDIR,/opt/radarr,1
WORKDIR,/opt/sonarr,1
WORKDIR,/go/src/github.com/progrium/viewdocs,1
WORKDIR,/go/src/k8scan,1
WORKDIR,/go/src/github.com/hashicorp/vault,1
WORKDIR,/go/src/github.com/hashicorp/consul,1
WORKDIR,/go/src/github.com/hashicorp/terraform,1
WORKDIR,/go/src/github.com/cesanta/docker_auth/auth_server,3
WORKDIR,/usr/bin,3
WORKDIR,/usr/src/unixbench,1
WORKDIR,/usr/src/lkp-tests,1
WORKDIR,/usr/src/foss-heartbeat,1
WORKDIR,/opt/plexpy,1
WORKDIR,"/usr/bin/routersploit/",1
WORKDIR,wireshark,1
WORKDIR,/usr/src/couchpotato,1
WORKDIR,/usr/src/sickbeard,1
WORKDIR,$HOME/s3cmd-workspace,1
WORKDIR,/usr/src/atd,1
WORKDIR,/znc,2
WORKDIR,$GHOST_INSTALL,2
WORKDIR,/tmp/libreoffice,2
WORKDIR,${ROOT},3
WORKDIR,/stable-diffusion,1
WORKDIR,${ROOT}/repositories/stable-diffusion,2
WORKDIR,/stable-diffusion-webui/repositories/stable-diffusion,1
WORKDIR,${WORKDIR},1
WORKDIR,/opt/sqs-insight,2
WORKDIR,/tmp/sqs-alpine,1
WORKDIR,/go,21
WORKDIR,/home/user/build,1
WORKDIR,/home/ase,2
WORKDIR,"/opt",10
WORKDIR,"/opt/cobaltstrike",1
WORKDIR,/etc/nginx,12
WORKDIR,"/opt/Empire",1
WORKDIR,/opt/gophish-v0.4-linux-64bit,1
WORKDIR,$HTTPD_PREFIX,2
WORKDIR,/home/$USER,3
WORKDIR,/kibana,1
WORKDIR,/src/,3
WORKDIR,/ansible,32
WORKDIR,$JIRA_INSTALL,3
WORKDIR,/src/fail2ban,1
WORKDIR,/home/ctf,3
WORKDIR,$ROOT,1
WORKDIR,${INSTALL_DIR},5
WORKDIR,"/var/www/",477
WORKDIR,app,12
WORKDIR,/opt/apache-tomcat-*/webapps/,1
WORKDIR,/opt/apache-tomcat-8.5.9/webapps/,2
WORKDIR,/opt/apache-tomcat-8.5.11/webapps/,1
WORKDIR,/conan-${CONAN_VERSION},1
WORKDIR,/home/conan,10
WORKDIR,${TOOLBOX_TARGET_DIR},3
WORKDIR,$TOOLBOX_TARGET_DIR,3
WORKDIR,/dmc,1
WORKDIR,/usr/app,1
WORKDIR,/opt/build,1
WORKDIR,${OPENSSL_BUILD_DIR}/,1
WORKDIR,${AMQP_BUILD_DIR},2
WORKDIR,${AMQP_BUILD_DIR}/rabbitmq-c-0.13.0,1
WORKDIR,${AMQP_BUILD_DIR}/php-amqp,1
WORKDIR,${LIBRABBITMQ_BUILD_DIR}/rabbitmq-c-0.9.0/,1
WORKDIR,${DDTRACE_BUILD_DIR},1
WORKDIR,${IMAGICK_BUILD_DIR},6
WORKDIR,${IMAGICK_BUILD_DIR}/libwebp-1.3.0,1
WORKDIR,${IMAGICK_BUILD_DIR}/libheif-1.13.0,1
WORKDIR,${IMAGICK_BUILD_DIR}/libheif-1.15.2,2
WORKDIR,${IMAGICK_BUILD_DIR}/ImageMagick-7.1.1-9,1
WORKDIR,${IMAGICK_BUILD_DIR}/ImageMagick-7.1.1-8,2
WORKDIR,${IMAGICK_BUILD_DIR}/libde265-1.0.11,1
WORKDIR,${IMAGICK_BUILD_DIR}/libde265-1.0.5,2
WORKDIR,${IMAGICK_BUILD_DIR}/libheif-1.6.2,2
WORKDIR,${IMAGICK_BUILD_DIR}/ghostscript-9.56.1,1
WORKDIR,${IMAGICK_BUILD_DIR}/ghostscript-9.53.3,2
WORKDIR,${IMAGICK_BUILD_DIR}/ImageMagick-7.0.10-43,2
WORKDIR,${PHP_BUILD_DIR}/ext/gmp,3
WORKDIR,/tmp/build/php/ext/gmp,4
WORKDIR,${PHP_BUILD_DIR}/ext/odbc,3
WORKDIR,/tmp/build/php/ext/odbc,4
WORKDIR,${LIBMAXMINDDB_BUILD_DIR}/libmaxminddb-1.6.0,1
WORKDIR,${LIBRDKAFKA_BUILD_DIR}/librdkafka-1.8.2/,1
WORKDIR,${LIBRDKAFKA_BUILD_DIR}/librdkafka-1.7.0/,2
WORKDIR,${PHP_BUILD_DIR}/ext/tidy,1
WORKDIR,${PHP_BUILD_DIR}/ext/calendar,1
WORKDIR,${PHP_BUILD_DIR}/ext/imap,1
WORKDIR,${LIBMEMCACHED_BUILD_DIR}/libmemcached-1.0.18/,2
WORKDIR,${IMAGICK_BUILD_DIR}/imagick,1
WORKDIR,${IMAGICK_BUILD_DIR}/imagick-3.4.4,2
WORKDIR,${IMAGICK_BUILD_DIR}/ImageMagick6-6.9.11-7,2
WORKDIR,${PHP_BUILD_DIR}/ext/ldap,1
WORKDIR,${PHP_BUILD_DIR}/ext/gd,1
WORKDIR,${LIBYAML_BUILD_DIR}/libyaml-0.2.5/,1
WORKDIR,${PHP_BUILD_DIR}/ext/pgsql,1
WORKDIR,/SE-Basic-knowledge,1
WORKDIR,/content,1
WORKDIR,/usr/src/pandoc,3
WORKDIR,/usr/src/,2
WORKDIR,/home/docs,10
WORKDIR,/bot,1
WORKDIR,/tmp/riscv-gnu-toolchain,9
WORKDIR,/tmp/riscv-gnu-toolchain/build,9
WORKDIR,/llvm_book/,57
WORKDIR,/tmp/riscv-tools,15
WORKDIR,/llvm_book,27
WORKDIR,/llvm_book/chipyard,26
WORKDIR,/tmp/verilator,26
WORKDIR,/llvm_book/chipyard/,10
WORKDIR,/llvm_book/llvm-myriscvx120/build,15
WORKDIR,/llvm_book/cmake-3.24.0,24
WORKDIR,/llvm_book/llvm-myriscvx120,13
WORKDIR,/llvm_book/chipyard/sims/verilator,24
WORKDIR,/home/developer/workspace/,2
WORKDIR,/var/spool/cron/crontabs,1
WORKDIR,/usr/share/nginx/html/call.weipeiapp.com,2
WORKDIR,/etc/supervisor/conf.d,1
WORKDIR,is /var/www/html (inherited via "FROM php"),2
WORKDIR,/jav,1
WORKDIR,/docs/,2
WORKDIR,/docs,1
WORKDIR,/github/workspace,1
WORKDIR,/github/home,2
WORKDIR,/home/gradle,13
WORKDIR,/var/lib/postgresql,21
WORKDIR,"/root",4
WORKDIR,"/opt/blockchain-explorer",1
WORKDIR,/TWiki,1
WORKDIR,/root/lnmp/windows/,2
WORKDIR,/root/lnmp,1
WORKDIR,/path/to/workdir,1
WORKDIR,/elfshaker,1
WORKDIR,httping,1
WORKDIR,/home/geolambda,5
WORKDIR,$ACTIVEMQ_HOME,42
WORKDIR,/opt/zookeeper-${ZOOKEEPER_VERSION},1
WORKDIR,/opt/zookeeper-3.4.6,4
WORKDIR,/opt/zookeeper,3
WORKDIR,/home/brooklyn/,1
WORKDIR,/srv,4
WORKDIR,/opt/jboss,1
WORKDIR,/app/couchpotato,1
WORKDIR,/home/autoware,1
WORKDIR,"/src/background-service",1
WORKDIR,"/src/.",1
WORKDIR,/root/buildroot-${BUILD_ROOT_RELEASE},1
WORKDIR,/rails,31
WORKDIR,/rails/my-app,1
WORKDIR,/home/$USERNAME/stable-diffusion-webui,1
WORKDIR,/home/nextjs/app,1
WORKDIR,/hack-technicolor-docs,1
WORKDIR,/home/docker,9
WORKDIR,"${ESP_BASE}",2
WORKDIR,"${LLVM_BASE}",1
WORKDIR,"${RUSTC_BASE}",1
WORKDIR,llvm_build,1
WORKDIR,"${PROJECT}",1
WORKDIR,rust-xtensa,1
WORKDIR,${HOME}/klipper,3
WORKDIR,${HOME}/moonraker,3
WORKDIR,/frontend,1
WORKDIR,/nginx,1
WORKDIR,nginx,4
WORKDIR,Python-3.8.0,2
WORKDIR,Python-3.9.0,2
WORKDIR,/apps/html,1
WORKDIR,/opt/flask,1
WORKDIR,/sources,2
WORKDIR,dns_over_tls_over_tor,1
WORKDIR,/pandoc,9
WORKDIR,/home/tester,1
WORKDIR,/home/tester/bitcoin-testnet-box,1
WORKDIR,/KiiConf,1
WORKDIR,/output,1
WORKDIR,/home/chrome/reports,1
WORKDIR,/opt/reports,2
WORKDIR,/home/fluent,79
WORKDIR,$GOPATH/src/github.com/nats-io/jetstream,4
WORKDIR,/var/lib/unifi,2
WORKDIR,$ZEPPELIN_HOME,1
WORKDIR,$GOPATH,14591
WORKDIR,/home/work/_src/lede,5
WORKDIR,/home/work,13
WORKDIR,/apache-flume,1
WORKDIR,${STEAMCMDDIR},3
WORKDIR,/opt/spark,1
WORKDIR,/ceph_from_scratch,1
WORKDIR,/opt/dynamodb,617
WORKDIR,/BaseSAFE,1
WORKDIR,/home/container,30
WORKDIR,/node,1
WORKDIR,C:/openresty,3
WORKDIR,C:/dl,1
WORKDIR,/tmp/openresty-${RESTY_VERSION},4
WORKDIR,/tmp/koel,1
WORKDIR,/deno,1
WORKDIR,/home/node/app,33
WORKDIR,/server,3
WORKDIR,/container-stats,1
WORKDIR,/zap,1
WORKDIR,${SERVER_HOME}/prometheus-2.18.1.linux-amd64,1
WORKDIR,./prometheus-2.18.1.linux-amd64,2
WORKDIR,./prometheus-2.4.3.linux-amd64,2
WORKDIR,${PAYARA_HOME}/bin,2
WORKDIR,./prometheus-2.0.0.linux-amd64,2
WORKDIR,${ARCHIVE},1
WORKDIR,./prometheus-1.5.2.linux-amd64,2
WORKDIR,/opt/payara41/glassfish/bin,4
WORKDIR,/home/elasticsearch,1
WORKDIR,/nextcloud,1
WORKDIR,${DIRWORK},27
WORKDIR,${FINAL_DIRWORK},8
WORKDIR,/project,7
WORKDIR,$SUPERSET_HOME,4
WORKDIR,$SUPERSET_HOME/superset-frontend/,2
WORKDIR,/tmp/superset,2
WORKDIR,${SUPERSET_HOME},4
WORKDIR,${SUPERSET_HOME}/superset-frontend/,2
WORKDIR,${SUPERSET_HOME}/superset/assets,2
WORKDIR,/var/lib/superset/,4
WORKDIR,/var/lib/superset/superset/assets,2
WORKDIR,/usr/local/lib/python3.6/site-packages,2
WORKDIR,/build/server,3
WORKDIR,/build/web-apps/build,1
WORKDIR,/bitrise,6
WORKDIR,/bitrise/src,4
WORKDIR,/fatcat,1
WORKDIR,/qemu,1
WORKDIR,/var/lib/dnscrypt-wrapper,9
WORKDIR,/var/lib/$NAME,6
WORKDIR,/var/www/app/,11
WORKDIR,/tmp/provisioning/,12
WORKDIR,/go/src,1
WORKDIR,$CONFLUENCE_INSTALL,7
WORKDIR,/opt/druid,1
WORKDIR,/home/chall,1
WORKDIR,${ESHOME},3
WORKDIR,/opt/solr,1
WORKDIR,/usr/share/opentsdb,1
WORKDIR,${JETTY_BASE},10
WORKDIR,${BASEDIR},1
WORKDIR,/usr/local/unomi,1
WORKDIR,/usr/src/apache-ofbiz-17.12.01,1
WORKDIR,/usr/share/elasticsearch,25
WORKDIR,/node_modules/mongo-express,1
WORKDIR,/opt/coldfusion11,3
WORKDIR,/opt/coldfusion8,5
WORKDIR,${GOPATH}/src/code.gitea.io/gitea,5
WORKDIR,/usr/local/glassfish4,5
WORKDIR,/usr/src/blog,10
WORKDIR,/opt/scrapyd,3
WORKDIR,$basedir,3
WORKDIR,/usr/local/spark,2
WORKDIR,/root/m4-1.4.9,2
WORKDIR,/root/bison-2.5.1/,2
WORKDIR,/root/mysql-server-mysql-5.6.5,2
WORKDIR,/swift,126
WORKDIR,/tmp/release/cmd/cloudflared,1
WORKDIR,/go/src/github.com/cloudflare/cloudflared/cmd/cloudflared,2
WORKDIR,/${BERKELEYDB_VERSION}/build_unix,14
WORKDIR,/bitcoin-${BITCOIN_VERSION},14
WORKDIR,/cabal,1
WORKDIR,/cow,1
WORKDIR,/home/ethsec/.workshops,2
WORKDIR,/home/ethsec,2
WORKDIR,/download,1
WORKDIR,${SONARQUBE_HOME},10
WORKDIR,${NEXUS_HOME},2
WORKDIR,/opt/sonatype/nexus,2
WORKDIR,/lanproxy,4
WORKDIR,/lanproxy-server,1
WORKDIR,/lanproxy-client,1
WORKDIR,$APP_HOME/app,1
WORKDIR,$CW_HOME/app,1
WORKDIR,/home/vivado/project,1
WORKDIR,/home/vivado/work,2
WORKDIR,/home/vivado,1
WORKDIR,/opt/www,3
WORKDIR,/home/app,15
WORKDIR,/home/app/function,9
WORKDIR,/home/app/,15
WORKDIR,/home/app/function/,3
WORKDIR,/go/src/handler/function,1
WORKDIR,/go/src/handler,1
WORKDIR,/root/function/,3
WORKDIR,/home/app/src/function,1
WORKDIR,/root/src/function,1
WORKDIR,/home/app/src/,1
WORKDIR,/root/src/,1
WORKDIR,/go/src/github.com/prometheus,2
WORKDIR,/alertmanager,1
WORKDIR,/var/www/symfony,6
WORKDIR,/apps,2
WORKDIR,/apps/,1
WORKDIR,${HOME_DIR}/.grails/wrapper/${GRAILS_VERSION},3
WORKDIR,${HOME_DIR},4
WORKDIR,/home/sbtuser,2
WORKDIR,$INSTALL_DIR,2
WORKDIR,/home/linuxgsm,5
WORKDIR,/home/lgsm,2
WORKDIR,/app/ZeroTierOne,1
WORKDIR,/app/backend,1
WORKDIR,/docker_api,1
WORKDIR,.,1
WORKDIR,/ghidra,4
WORKDIR,/opt/nvidia/deepstream/deepstream-4.0/samples,52
WORKDIR,/usr/local/cuda-10.2/samples,21
WORKDIR,/samples/bin/aarch64/linux/release/,56
WORKDIR,/usr/local/cuda-10.0/samples,35
WORKDIR,/models/research,1
WORKDIR,pytorch,1
WORKDIR,/opt/efak,1
WORKDIR,/etc,2
WORKDIR,/tmp/pulseaudio-module-xrdp,3
WORKDIR,/tmp/xrdp/sesman/chansrv/pulse,3
WORKDIR,/tmp/xrdp-"${XRDP_VER}",2
WORKDIR,/tmp/xorgxrdp-"${XORGXRDP_VER}",2
WORKDIR,/tmp/xrdp,2
WORKDIR,/tmp/pulseaudio-module-xrdp-"${XRDPPULSE_VER}",2
WORKDIR,/tmp/xrdp-${XRDP_VER},2
WORKDIR,/tmp/xorgxrdp-${XORGXRDP_VER},2
WORKDIR,/tmp/pulseaudio-module-xrdp-${XRDPPULSE_VER},2
WORKDIR,/tmp/xorgxrdp,3
WORKDIR,/tmp/pulseaudio-11.1,1
WORKDIR,/tmp/pulseaudio-8.0,1
WORKDIR,/home/theia,22
WORKDIR,$THEIA_RUST_APP_PATH,1
WORKDIR,/theia-app,2
WORKDIR,/sourcekit-lsp,2
WORKDIR,/sourcekit-lsp/Editors/vscode,1
WORKDIR,/var/www/anonaddy,2
WORKDIR,xdebug,4
WORKDIR,$SONARQUBE_HOME,3
WORKDIR,/root/torch-hdf5,11
WORKDIR,/root/torch-rnn,11
WORKDIR,/busybox,1
WORKDIR,/thttpd,1
WORKDIR,/srv/app,12
WORKDIR,/srv/api-platform,2
WORKDIR,/site,1
WORKDIR,/usr/src/site,2
WORKDIR,/opt/minecraft,1
WORKDIR,/opt/ansible-tower-setup-${ANSIBLE_TOWER_VER},2
WORKDIR,/src/bladeRF,2
WORKDIR,/src/bladeRF/bladeRF,1
WORKDIR,/src/dump1090-fa,2
WORKDIR,/src/dump1090-fa/dump1090,1
WORKDIR,/src/piaware_builder,2
WORKDIR,/src/piaware_builder/package-jessie,1
WORKDIR,/skyway,1
WORKDIR,/ctf/work/,7
WORKDIR,/ctf,2
WORKDIR,/go/src/github.com/shadowsocks/v2ray-plugin/,2
WORKDIR,/usr/local/apisix,6
WORKDIR,/usr/local/apisix-dashboard/api,2
WORKDIR,/usr/local/apisix-dashboard,3
WORKDIR,/usr/local/apisix-dashboard/web,1
WORKDIR,${APPLICATION_DIRECTORY},4
WORKDIR,/var/lib/fahclient,1
WORKDIR,/home/wiremock,5
WORKDIR,/agent/,2
WORKDIR,"/code/src/Ray.BiliBiliTool.Console",1
WORKDIR,/opt/davinci,3
WORKDIR,/repo,1
WORKDIR,/tmp/builds,5
WORKDIR,/data_models,3
WORKDIR,/LibRaw,6
WORKDIR,/imagemagick/ImageMagick-7.1.0-4,6
WORKDIR,/imagemagick/ImageMagick-7.1.0-2,2
WORKDIR,php,2
WORKDIR,/usr/local/php/etc,2
WORKDIR,/usr/src/redis,2
WORKDIR,php-7.1.7,2
WORKDIR,/usr/src/nginx-1.12.0,2
WORKDIR,/downloads/nginx-1.10.0,2
WORKDIR,/downloads/php-7.0.6,2
WORKDIR,/downloads/mysql-5.7.12,2
WORKDIR,${SVC_ROOT},8
WORKDIR,/home/octoprint/tmp,4
WORKDIR,/home/octoprint,1
WORKDIR,/opt/venv,6
WORKDIR,/octoprint,2
WORKDIR,/opt/octoprint,4
WORKDIR,/mjpg/mjpg-streamer-master/mjpg-streamer-experimental,1
WORKDIR,/opt/cura,2
WORKDIR,/catatonit,1
WORKDIR,/podman,2
WORKDIR,/libslirp,1
WORKDIR,$GOPATH/src/github.com/containers/buildah,2
WORKDIR,$GOPATH/src/github.com/containers/podman,1
WORKDIR,$GOPATH/src/github.com/containers/libpod,1
WORKDIR,/go/src/github.com/containernetworking/plugins,1
WORKDIR,/fuse-overlayfs,1
WORKDIR,$GOPATH/src/github.com/containers/skopeo,3
WORKDIR,/conmon,1
WORKDIR,$GOPATH/src/github.com/kubernetes-sigs/cri-o,1
WORKDIR,/libfuse,1
WORKDIR,libfuse,1
WORKDIR,/slirp4netns,1
WORKDIR,/yapi-src,1
WORKDIR,/yapi,1
WORKDIR,/usr/local/mycat,1
WORKDIR,$APP_DIR,1
WORKDIR,/home/rust/libs,2
WORKDIR,/musl,1
WORKDIR,/root/nghttp2,1
WORKDIR,/root/curl-7.45.0,1
WORKDIR,/home/gradle/src,2
WORKDIR,/usr/src/app/,1
WORKDIR,/dart-protobuf/protoc_plugin,5
WORKDIR,/tmp/bazel-release,2
WORKDIR,/protoc_gen_js,2
WORKDIR,/scala-protobuf,1
WORKDIR,${GOPATH}/src/github.com/infobloxopen/protoc-gen-gorm,1
WORKDIR,${GOPATH}/src/github.com/bufbuild/protoc-gen-validate,1
WORKDIR,${GOPATH}/src/github.com/envoyproxy/protoc-gen-validate,2
WORKDIR,${GOPATH}/src/github.com/grpc-ecosystem/grpc-gateway,3
WORKDIR,${GOPATH}/src/github.com/moul/protoc-gen-gotemplate,1
WORKDIR,/grpc-web,3
WORKDIR,${GOPATH}/src/github.com/pseudomuto/protoc-gen-doc,1
WORKDIR,${GOPATH}/src/github.com/grpc/grpc-go/cmd/protoc-gen-go-grpc,1
WORKDIR,${GOPATH}/src/google.golang.org/protobuf,1
WORKDIR,${GOPATH}/src/github.com/gogo/protobuf,1
WORKDIR,${GOPATH}/src/github.com/mwitkow/go-proto-validators,1
WORKDIR,${GOPATH}/src/github.com/danielvladco/go-proto-gql,1
WORKDIR,${GOPATH}/src/github.com/chrusty/protoc-gen-jsonschema,1
WORKDIR,/rust-protobuf/protobuf-codegen,1
WORKDIR,/grpc-rust/grpc-compiler,1
WORKDIR,/googleapis,1
WORKDIR,/protoc-gen-lint-out,1
WORKDIR,$CATALINA_HOME,30
WORKDIR,$TARGET_DIR,1
WORKDIR,/home/dev,3
WORKDIR,/home/$USERNAME/workspace,2
WORKDIR,/home/$USERNAME/app,1
WORKDIR,/opt/alertmanager,1
WORKDIR,/virtiofsd,1
WORKDIR,/moby,1
WORKDIR,/toybox,1
WORKDIR,/opt/blackbox-exporter,1
WORKDIR,/opt/prometheus,1
WORKDIR,/opt/node-exporter,1
WORKDIR,/blog,1
WORKDIR,/usr/src/speedtest-cli,2
WORKDIR,/base,2
WORKDIR,/home/wine,2
WORKDIR,/src/blackeye,1
